player_id,position,games,gamestarts,pass_defended,fumbles_forced,sacks,tackles_combined,tackles_solo,tackles_assists,tackles_loss,qb_hits,Component_1,Component_2,kmeans_pca_cluster
AdamAn20,DT,121,74,10.0,3.0,10.5,278,214.0,64.0,33.0,20.0,2.4844695709938023,-0.8867686585747544,2
AdamMo00,DT,49,4,4.0,1.0,1.5,51,23.0,28.0,5.0,6.0,-1.3829549664948133,0.055097533204110205,0
AdamTi00,DT,2,0,0.0,0.0,0.0,2,1.0,1.0,0.0,0.0,-2.5703664202734395,0.3748024899603284,0
AgimMc00,DT,14,0,2.0,0.0,0.5,10,3.0,7.0,0.0,1.0,-2.3254369895379154,0.2565172403272243,0
AlfoJa99,DT,36,3,1.0,0.0,3.5,18,13.0,5.0,5.0,6.0,-1.9381146501923268,0.29038400486715177,0
AlleBe00,DT,90,16,2.0,0.0,2.5,117,72.0,45.0,14.0,15.0,-0.4804891295219437,-0.5862650080550532,2
AluaTy99,DT,174,111,14.0,4.0,24.5,403,254.0,149.0,46.0,68.0,5.519173749906463,-0.8166439718858023,1
AndeTi20,DT,47,17,4.0,0.0,1.0,85,54.0,31.0,7.0,2.0,-1.217689630332875,-0.4203875506760159,0
ArmsAr01,DT,86,67,6.0,3.0,24.5,229,135.0,94.0,33.0,63.0,2.6482373701915383,0.7151723477740628,2
AskeMa20,DT,6,0,0.0,1.0,0.0,6,2.0,4.0,0.0,0.0,-2.385079084109039,0.5003338502257408,0
AtkiGe99,DT,161,134,6.0,8.0,75.5,384,228.0,156.0,100.0,172.0,9.001332374138322,3.9540747895502983,3
AustMa00,DT,28,0,0.0,0.0,0.0,23,16.0,7.0,2.0,0.0,-2.2144950223354654,0.0891063037996066,0
BallCh00,DT,32,2,0.0,0.0,1.0,29,16.0,13.0,3.0,7.0,-2.000892589758905,0.1560762453366251,0
BalmKe99,DT,46,11,2.0,0.0,0.0,62,39.0,23.0,5.0,2.0,-1.5725026255168681,-0.28979615508716955,0
BannJu20,DT,163,72,14.0,5.0,6.5,313,220.0,93.0,27.0,18.0,3.2303997400075595,-1.3223294465157982,1
BarmCh00,DL,6,0,0.0,0.0,0.0,13,10.0,3.0,1.0,2.0,-2.4304367639407394,0.3301036822212229,0
BashCa00,DL,2,0,0.0,0.0,1.5,5,3.0,2.0,1.0,2.0,-2.4718287521329354,0.45213564471353473,0
BellMa20,DT,86,21,6.0,3.0,6.5,187,131.0,56.0,16.0,4.0,0.5540319736388819,-0.4264177736290929,2
BennMi01,DT,16,0,1.0,0.0,0.5,16,12.0,4.0,2.0,2.0,-2.276805490333972,0.2647777303350968,0
BernRo20,DT,160,60,20.0,5.0,33.0,383,270.0,113.0,61.0,28.0,5.189604962737534,-0.22913485865528774,1
BillAn00,DT,53,37,0.0,0.0,3.5,81,49.0,32.0,14.0,12.0,-0.9133852427525145,-0.23723881744438544,0
BingRy20,DT,49,2,0.0,0.0,4.5,80,46.0,34.0,5.0,10.0,-1.3433868334647223,-0.08698441835173046,0
BishKe01,DT,5,0,0.0,0.0,0.0,2,2.0,0.0,0.0,0.0,-2.5535941804304247,0.3572706842041335,0
BlacAn00,DT,94,32,7.0,1.0,6.5,123,74.0,49.0,11.0,21.0,0.14463056307840788,-0.37347947926238595,2
BlacRo00,DT,21,1,1.0,1.0,1.0,23,16.0,7.0,1.0,4.0,-2.039854654474926,0.40449587839905565,0
BladWi20,DT,20,15,1.0,0.0,1.0,27,17.0,10.0,7.0,0.0,-1.9765488835640739,0.10690993473126209,0
BohaQu00,DT,6,1,0.0,0.0,0.0,3,2.0,1.0,0.0,0.0,-2.530025854858877,0.33585336596328386,0
BoonAl20,DT,129,41,16.0,2.0,15.5,194,154.0,40.0,29.0,9.0,1.722247679169082,-0.5178237741045766,2
BracRo99,DT,39,7,0.0,1.0,0.0,39,24.0,15.0,4.0,0.0,-1.8062162633937686,0.06830762049514424,0
BranAl99,DT,146,86,14.0,4.0,10.5,284,185.0,99.0,30.0,36.0,3.273422414356684,-0.8981575949317252,1
BranCa00,DT,20,1,0.0,0.0,2.0,19,13.0,6.0,3.0,2.0,-2.1988891269631012,0.27498964702975753,0
BrocMi00,DT,146,144,9.0,2.0,29.0,419,262.0,157.0,51.0,63.0,5.425579609505709,-1.1387311646868348,1
BromJa00,DT,57,4,1.0,0.0,2.0,80,50.0,30.0,8.0,14.0,-1.226816289606885,-0.1402238076059158,0
BrouCo00,DT,11,0,1.0,0.0,0.0,9,4.0,5.0,0.0,0.0,-2.4176965839885067,0.2597935971121747,0
BrowDe05,DT,25,24,8.0,0.0,4.0,59,37.0,22.0,12.0,16.0,-1.0521176007502446,0.21360723760251576,0
BrowMa01,DT,97,88,1.0,1.0,11.5,274,143.0,131.0,23.0,24.0,1.9383543056644363,-1.368667424347229,2
BryaAn20,DT,15,6,0.0,0.0,0.0,19,7.0,12.0,0.0,0.0,-2.2972613299420064,0.12699196261169854,0
BryaRe99,DT,86,71,7.0,2.0,4.5,148,96.0,52.0,14.0,15.0,0.6137134086938557,-0.626098119985774,2
BryaTa00,DT,55,17,1.0,1.0,5.5,80,47.0,33.0,14.0,20.0,-0.7579221808659362,0.2468800555462936,0
BryaWe20,DT,29,9,0.0,0.0,1.5,44,33.0,11.0,5.0,0.0,-1.9056958478274741,-0.0005048610921813967,0
BuggIs00,DT,27,6,0.0,0.0,0.0,25,12.0,13.0,2.0,1.0,-2.1343824716727013,0.04486490821930121,0
BullJo00,DT,68,14,5.0,1.0,3.5,105,67.0,38.0,13.0,15.0,-0.494335820763681,-0.13606269555515377,2
BunkBr20,DT,130,101,9.0,1.0,8.5,242,171.0,71.0,28.0,15.0,2.0680551497844117,-1.5353483724302905,2
ButlVe00,DT,71,19,3.0,4.0,8.0,97,52.0,45.0,15.0,21.0,0.04552023369418484,0.6561664373251602,2
CarrRy00,DT,24,3,0.0,0.0,0.0,41,29.0,12.0,2.0,2.0,-2.066470048730391,0.03128157493348355,0
CarsLe20,DT,69,35,8.0,0.0,8.5,131,94.0,37.0,16.0,0.0,-0.15786123795847315,-0.6112405103806087,2
CartDa01,DT,35,4,3.0,1.0,1.0,30,18.0,12.0,4.0,1.0,-1.7758313159816936,0.20821756373297023,0
CaseJu00,DT,142,140,15.0,8.0,51.0,507,332.0,175.0,85.0,117.0,8.638505876030317,1.4945310491090809,3
ChapJo00,DT,29,15,0.0,1.0,0.0,36,25.0,11.0,3.0,1.0,-1.8480325999262148,0.12888672517888433,0
ChevRa20,DT,21,0,0.0,0.0,0.0,2,1.0,1.0,0.0,0.0,-2.4452834204873763,0.23916267672740954,0
ClanKe20,DT,109,46,4.0,3.0,5.5,159,126.0,33.0,22.0,6.0,0.663614014526554,-0.4614309632277657,2
ClarKe01,DT,82,68,7.0,4.0,21.5,264,155.0,109.0,33.0,39.0,2.7291932765061024,0.20725143779592886,2
ClauJa20,DT,29,2,1.0,0.0,0.5,29,20.0,9.0,2.0,0.0,-2.098602661518548,0.04956830702389555,0
ClayZa00,DT,3,0,0.0,0.0,0.0,3,2.0,1.0,0.0,0.0,-2.557353705495542,0.3631263687094025,0
CodySh20,DT,112,68,9.0,1.0,3.0,191,122.0,69.0,19.0,9.0,1.0151137943361213,-1.3499664016960837,2
CodyTe99,DT,57,21,2.0,0.0,0.0,87,45.0,42.0,4.0,0.0,-1.2439132908433606,-0.6556670694253863,0
CofiBa20,DT,138,129,25.0,4.0,19.5,311,208.0,103.0,44.0,56.0,4.802591483941683,-0.4968094529454293,1
CoheJo00,DT,7,0,0.0,0.0,1.0,9,6.0,3.0,1.0,1.0,-2.4338383315678014,0.3605014204731378,0
CoheLa99,DT,42,8,0.0,1.0,0.0,47,31.0,16.0,6.0,2.0,-1.6716471421472865,0.0516416626401868,0
CollMa00,DT,82,75,1.0,1.0,16.0,115,71.0,44.0,23.0,45.0,0.7983908338469254,0.3728016659610869,2
CoopCh20,DT,86,15,8.0,2.0,9.5,151,114.0,37.0,21.0,6.0,0.34850220113491337,-0.1597964114245393,2
CoopXa00,DT,45,2,1.0,0.0,3.5,63,32.0,31.0,8.0,14.0,-1.3879397866427374,0.08369667514788519,0
CoviCh00,DT,90,31,2.0,1.0,9.5,160,93.0,67.0,17.0,21.0,0.3938620780209226,-0.3974740134885208,2
CowaBy00,DT,19,14,1.0,0.0,1.0,29,15.0,14.0,3.0,3.0,-1.9980733911619046,0.10670013835596596,0
CowsDe20,DT,32,0,0.0,0.0,2.0,25,19.0,6.0,4.0,0.0,-2.0939868724072292,0.14492659641180425,0
CoxxFl00,DT,149,143,14.0,12.0,55.5,423,299.0,124.0,73.0,134.0,8.581791248549074,3.068509652346188,3
DaniMi00,DT,122,85,5.0,2.0,30.0,252,167.0,85.0,50.0,71.0,3.4807182422282663,0.5847866367565995,1
DareMa00,DT,130,108,15.0,3.0,38.5,385,273.0,112.0,51.0,63.0,5.287412322142361,0.016073245183855334,1
DaviCa01,DT,50,15,3.0,0.0,1.5,46,27.0,19.0,4.0,2.0,-1.5706921993115404,-0.21305964920342768,0
DaviCa03,DT,8,0,0.0,0.0,0.0,7,5.0,2.0,1.0,0.0,-2.479831041233462,0.31465148378698027,0
DaviKh00,DT,3,0,0.0,0.0,0.0,2,1.0,1.0,0.0,2.0,-2.542776297135804,0.39994598491248345,0
DaviRa03,DT,23,19,0.0,0.0,0.0,53,26.0,27.0,1.0,1.0,-1.8564026968659904,-0.19339459778015725,0
DaviTy01,DT,101,83,4.0,3.0,5.0,211,99.0,112.0,18.0,15.0,1.4786669977559643,-1.0733554029913182,2
DayxSh00,DT,68,2,6.0,0.0,7.5,78,53.0,25.0,18.0,13.0,-0.7218830468952703,0.07597354664482787,0
DockDa20,DT,158,156,18.0,9.0,40.5,472,358.0,114.0,90.0,113.0,8.454290801680177,1.4645590028453754,3
DonaAa00,DT,119,115,15.0,20.0,91.5,394,262.0,132.0,138.0,215.0,11.869886485761315,8.202786725888423,3
DonaDy00,DL,4,0,0.0,0.0,0.0,5,4.0,1.0,1.0,1.0,-2.5114974061576003,0.3723078244708755,0
DorsGl99,DT,104,92,3.0,1.0,7.0,321,223.0,98.0,23.0,24.0,2.1736107544856518,-1.6939046462467098,2
DotsLi99,DT,12,0,0.0,0.0,0.0,7,4.0,3.0,0.0,0.0,-2.4664308525096303,0.2729571822937673,0
DownEr20,DT,45,13,2.0,0.0,2.0,50,36.0,14.0,5.0,0.0,-1.6364168649249586,-0.16618244964323736,0
DvorDu99,DT,13,13,1.0,0.0,0.0,31,24.0,7.0,8.0,1.0,-2.020825357804572,0.15196676702955714,0
EaslDo00,DT,41,6,2.0,2.0,6.5,64,44.0,20.0,13.0,18.0,-0.9249008665415234,0.7087692055798099,0
EasoNi20,DT,117,21,3.0,1.0,7.0,132,87.0,45.0,9.0,14.0,0.020402834036154255,-0.5984500349657811,2
EdwaDw20,DT,136,64,9.0,3.0,19.5,354,221.0,133.0,29.0,58.0,3.7366443029931884,-0.6486096601348587,1
EdwaMa01,DT,81,25,4.0,3.0,16.0,117,84.0,33.0,19.0,34.0,0.5719526236656076,0.8492505683991426,2
EdwaRo20,DT,139,96,7.0,3.0,16.5,207,146.0,61.0,23.0,17.0,2.1615512300369892,-0.7277203786642852,2
ElliAt00,DT,15,6,1.0,0.0,0.0,16,15.0,1.0,2.0,3.0,-2.2494691632317982,0.24681118532203164,0
ElliJo02,DT,25,1,1.0,0.0,0.0,27,10.0,17.0,0.0,3.0,-2.1349803768585343,0.07412654104115715,0
ElliJu01,DT,92,48,3.0,0.0,0.5,154,93.0,61.0,6.0,4.0,-0.19809106619809244,-1.344075064897691,2
ElliKe01,DT,56,5,0.0,1.0,1.0,58,34.0,24.0,3.0,2.0,-1.529165611597611,-0.10395544447247769,0
ElliSe99,DT,70,70,13.0,2.0,12.5,174,99.0,75.0,18.0,30.0,1.3865574400435214,-0.1707240338973158,2
EnemIK00,DT,17,0,2.0,0.0,0.0,16,11.0,5.0,0.0,1.0,-2.28618412132501,0.19788276056322657,0
EvanFr21,DT,95,6,5.0,1.0,3.0,100,66.0,34.0,14.0,10.0,-0.470991640787509,-0.3329556573943044,2
FairNi00,DT,77,46,3.0,5.0,20.5,170,114.0,56.0,35.0,71.0,2.0873650564940016,1.701403224650868,2
FataMa20,DT,45,26,4.0,1.0,5.0,66,43.0,23.0,12.0,0.0,-1.020840451383653,-0.0015360568618131981,0
FatuFo00,DT,38,16,3.0,1.0,3.0,94,51.0,43.0,15.0,13.0,-0.8078243834125782,0.07225339790714336,0
FergEg00,DT,20,1,3.0,0.0,2.0,27,13.0,14.0,1.0,1.0,-2.05644712852348,0.16258939252135984,0
FielRo20,DT,87,25,1.0,1.0,1.0,154,102.0,52.0,7.0,5.0,-0.3412699328188964,-0.9047564541514885,2
FloySh00,DT,44,24,4.0,1.0,9.5,95,57.0,38.0,13.0,22.0,-0.44641320433713433,0.35170333960286254,0
FlueAn99,DT,83,7,1.0,1.0,4.5,69,43.0,26.0,14.0,15.0,-0.8196888482058134,0.06642053620944235,0
FotuLe00,DT,20,2,3.0,0.0,1.0,14,7.0,7.0,4.0,3.0,-2.110792327930527,0.2674255474106709,0
FranAu20,DT,142,94,10.0,3.0,4.0,256,195.0,61.0,20.0,7.0,2.1099781998485456,-1.6034084983760724,2
FuaxSi00,DT,42,12,0.0,1.0,0.0,36,15.0,21.0,0.0,0.0,-1.8136418791209015,-0.02910281071021492,0
GainGr00,DT,35,5,0.0,0.0,3.5,54,25.0,29.0,2.0,11.0,-1.6583375141389605,0.08563537323666827,0
GallNe00,DT,14,9,1.0,0.0,0.5,28,11.0,17.0,4.0,4.0,-2.0530796356641194,0.17218812196610123,0
GilbJa99,DT,5,0,0.0,0.0,0.0,2,2.0,0.0,1.0,0.0,-2.537683398549775,0.36652422868351864,0
GlasRy00,DT,26,3,0.0,0.0,0.0,44,21.0,23.0,4.0,3.0,-1.9589354703260105,-0.004694621531405228,0
GodcDa00,DT,61,50,2.0,1.0,3.0,205,111.0,94.0,12.0,18.0,0.43504826423285553,-0.9364117824553873,2
GoldEd00,DT,73,68,1.0,0.0,12.5,161,107.0,54.0,18.0,20.0,0.4533563347004951,-0.5275561291737503,2
GolsCh00,DL,4,0,0.0,0.0,0.5,13,8.0,5.0,0.0,1.0,-2.4509441079376906,0.32898136144778867,0
GolsKe20,DT,142,53,7.0,2.0,7.0,224,137.0,87.0,21.0,27.0,1.7418375270242956,-1.0539761027548682,2
GordAm20,DT,34,6,1.0,1.0,2.0,58,42.0,16.0,3.0,2.0,-1.6275028277594168,0.11039606173204723,0
GotsAd00,DT,80,46,16.0,3.0,7.0,156,94.0,62.0,16.0,22.0,1.0897475750183074,-0.1389211924860692,2
GranEr20,DT,24,3,0.0,0.0,0.5,35,22.0,13.0,1.0,0.0,-2.125868266340353,0.030848271971171647,0
GreeHo20,DT,78,20,1.0,4.0,2.0,100,66.0,34.0,5.0,3.0,-0.49287776327888744,0.04012521156620691,2
GreeRa01,DT,44,15,5.0,3.0,9.0,69,43.0,26.0,8.0,17.0,-0.5775901034124469,0.7885811175139209,0
GrifCo20,DT,146,130,24.0,4.0,29.0,461,340.0,121.0,73.0,20.0,6.176874373618881,-1.2820306837919142,1
GuioLe99,DT,112,66,5.0,3.0,8.5,173,107.0,66.0,29.0,20.0,1.3968328059376396,-0.397816208015015,2
GuntRo00,DT,77,38,1.0,2.0,11.0,126,86.0,40.0,26.0,29.0,0.4167050517896561,0.3665526485085866,2
GuyxLa00,DT,141,88,8.0,2.0,14.5,394,220.0,174.0,34.0,56.0,4.097252323060179,-1.5097187609892957,1
HageRa00,DT,44,16,1.0,0.0,4.0,62,41.0,21.0,9.0,12.0,-1.3166168974507584,0.046971893750459126,0
HallP.00,DT,40,27,2.0,0.0,2.5,82,52.0,30.0,10.0,9.0,-1.1226561090745668,-0.21052116512515945,0
HamiDa02,DT,19,10,2.0,0.0,1.0,52,23.0,29.0,2.0,5.0,-1.7942438182073894,-0.01293468296453322,0
HampCa00,DT,173,164,4.0,4.0,9.0,398,231.0,167.0,39.0,12.0,4.464411454356676,-2.6519307578899407,1
HankJo00,DT,121,109,8.0,3.0,14.5,337,195.0,142.0,35.0,46.0,3.698139693785853,-1.0752480639736952,1
HargJa00,DT,87,72,3.0,3.0,25.0,249,140.0,109.0,34.0,41.0,2.554407639961379,0.21201947284735614,2
HarpAl20,DT,11,0,0.0,0.0,0.0,5,3.0,2.0,0.0,0.0,-2.488850673778838,0.29305549411657356,0
HarrJu99,DT,14,2,0.0,0.0,0.0,27,17.0,10.0,2.0,0.0,-2.256854918152799,0.14753529365087062,0
HarrMa98,DT,37,9,3.0,0.0,3.0,55,43.0,12.0,10.0,9.0,-1.456379394233062,0.1230475905594933,0
HarrOr20,DT,20,1,0.0,0.0,0.0,21,9.0,12.0,0.0,1.0,-2.278872065881976,0.12764507439146044,0
HarrRa99,DT,2,0,0.0,0.0,0.0,2,1.0,1.0,0.0,0.0,-2.5703664202734395,0.3748024899603284,0
HarrTo99,DT,117,91,4.0,6.0,31.5,231,187.0,44.0,56.0,50.0,3.6111231324140274,1.3487813893377214,1
HawtAn20,DT,18,0,0.0,0.0,0.0,17,12.0,5.0,0.0,0.0,-2.356681552860258,0.17698170621974868,0
HaydNi99,DT,76,60,4.0,1.0,2.0,183,114.0,69.0,13.0,14.0,0.41435536216466656,-1.0028712945193337,2
HaynAl20,DT,130,98,30.0,6.0,30.5,368,280.0,88.0,76.0,67.0,6.18122339136275,0.7564781275979782,1
HendJo99,DT,146,125,46.0,8.0,29.0,492,382.0,110.0,60.0,23.0,7.43049907756125,-0.763055433554048,1
HendMa21,DT,44,28,0.0,0.0,0.0,1,1.0,0.0,0.0,0.0,-2.0910929716231115,-0.08058401973897567,0
HenrWi00,DT,18,3,5.0,0.0,4.5,36,26.0,10.0,7.0,12.0,-1.6589050273681343,0.4548415167533114,0
HestTr00,DT,41,2,0.0,1.0,2.0,40,19.0,21.0,4.0,8.0,-1.670144042413987,0.25565151553625926,0
HillB.00,DT,57,17,3.0,0.0,10.5,139,75.0,64.0,13.0,20.0,-0.20913888854705218,-0.17794177875263545,2
HillCh20,DT,16,0,0.0,0.0,0.0,2,1.0,1.0,0.0,0.0,-2.478199999378446,0.2748573644202829,0
HillJo01,DT,31,1,5.0,0.0,7.0,50,31.0,19.0,11.0,15.0,-1.3109231461905348,0.4495227949237094,0
HillSa99,DT,97,48,14.0,1.0,7.0,157,101.0,56.0,0.0,0.0,0.3981220610685767,-1.1172515710685873,2
HillTr00,DT,12,5,0.0,0.0,0.0,16,10.0,6.0,2.0,5.0,-2.277405040367626,0.2903997278376405,0
HovaCh20,DT,156,149,15.0,3.0,22.0,412,309.0,103.0,58.0,19.0,5.132396766075658,-1.7288516216797585,1
HowaJa00,DT,45,28,1.0,1.0,7.5,122,83.0,39.0,17.0,23.0,-0.3207826101619239,0.18722217896892335,2
HughJo00,DT,71,10,4.0,1.0,5.5,131,66.0,65.0,8.0,9.0,-0.38394048062333763,-0.4255152732975283,2
HughMo00,DT,25,1,1.0,0.0,0.0,23,15.0,8.0,4.0,0.0,-2.1553644237984404,0.11583086680777083,0
HursMa00,DT,42,17,7.0,1.0,8.0,78,53.0,25.0,9.0,17.0,-0.7066393457742499,0.3532233382233654,0
IoanJu20,DT,36,5,0.0,0.0,1.5,54,33.0,21.0,3.0,0.0,-1.8276747494362702,-0.12978165801820019,0
IoanMa01,DT,64,36,1.0,2.0,22.5,155,96.0,59.0,23.0,53.0,1.0650598332131276,1.0338916228763777,2
IrviCo99,DT,24,0,0.0,0.0,0.0,14,9.0,5.0,1.0,2.0,-2.299552265949954,0.1892956090954691,0
IvieJo00,DT,11,0,0.0,0.0,0.0,2,0.0,2.0,0.0,1.0,-2.4976354670981777,0.322808261498992,0
JackMa02,DT,135,82,28.0,6.0,35.5,284,202.0,82.0,61.0,105.0,5.75359920684995,1.8780410742042417,1
JarrGr00,DT,101,86,1.0,5.0,26.5,327,182.0,145.0,53.0,84.0,4.330260653650681,0.8342085032622417,1
JeanRi99,DT,143,48,11.0,1.0,14.0,205,122.0,83.0,31.0,20.0,1.8674088529815474,-0.8995599724405646,2
JeffJa21,DT,34,1,0.0,0.0,0.0,32,21.0,11.0,4.0,0.0,-2.0658202396392005,0.0025488965472567696,0
JeffQu00,DT,63,36,6.0,3.0,12.5,108,56.0,52.0,14.0,43.0,0.531678786715256,0.848087766245224,2
JenkJa01,DT,107,51,1.0,0.0,7.0,146,94.0,52.0,10.0,24.0,0.21639703521806986,-0.7997708592433498,2
JenkJo00,DT,101,30,4.0,1.0,2.5,195,104.0,91.0,8.0,7.0,0.35430383334665316,-1.2870670420509747,2
JenkKr00,DT,108,102,11.0,2.0,24.0,282,220.0,62.0,58.0,26.0,3.3580074948702556,-0.3478339913049002,1
JernTi00,DT,79,51,3.0,0.0,17.5,134,70.0,64.0,29.0,49.0,0.9040198065582405,0.35343313261795234,2
JerrPe99,DT,64,29,3.0,1.0,5.5,67,51.0,16.0,14.0,19.0,-0.679437374637544,0.21432634160877087,0
JohnAn03,DT,83,52,3.0,1.0,4.5,142,97.0,45.0,9.0,12.0,0.009181991894099364,-0.7037452152768395,2
JohnAu01,DT,83,22,6.0,1.0,6.5,140,69.0,71.0,12.0,11.0,0.04561777807504709,-0.5476920154515882,2
JohnJa09,DT,59,20,0.0,1.0,5.5,96,48.0,48.0,10.0,9.0,-0.777003150793814,-0.14122372232989344,0
JohnJe21,DT,9,0,0.0,0.0,0.0,12,10.0,2.0,1.0,0.0,-2.44110073045683,0.28482662768664957,0
JohnTa20,DT,91,37,7.0,2.0,14.0,154,107.0,47.0,28.0,23.0,0.9686904122179991,0.1257259347238892,2
JohnTr20,DT,76,38,9.0,0.0,3.0,141,109.0,32.0,16.0,7.0,-0.07391030749394312,-0.7906084387520065,2
JollJo20,DT,61,47,18.0,0.0,3.0,135,89.0,46.0,17.0,13.0,0.3061141422450997,-0.6884195128423225,2
JoneCh04,DT,47,34,0.0,0.0,9.0,119,68.0,51.0,19.0,19.0,-0.37734886833532616,-0.06839813258220173,2
JoneCh09,DT,83,62,24.0,9.0,43.5,184,128.0,56.0,44.0,108.0,4.7371608533120835,3.6619699923277755,1
JoneD.01,DT,52,37,2.0,2.0,6.0,97,72.0,25.0,18.0,7.0,-0.43961227538091,0.13049666691270875,2
JoneDa04,DT,108,102,4.0,2.0,10.0,246,139.0,107.0,19.0,29.0,2.048706458657224,-1.1449864818744468,2
JoneDr00,DT,36,14,4.0,0.0,11.5,69,41.0,28.0,14.0,22.0,-0.827720552642059,0.5206145793364099,0
JoneJu03,DT,43,27,1.0,1.0,1.5,85,46.0,39.0,9.0,9.0,-1.011165512208842,-0.1379482848554247,0
JoneNa00,DT,20,2,3.0,0.0,2.0,26,12.0,14.0,4.0,6.0,-1.9550492601806355,0.2697371007682962,0
JoseLi99,DT,165,158,6.0,8.0,25.0,628,371.0,257.0,55.0,75.0,8.019317915720508,-1.490817957648039,1
JoseSe00,DT,39,38,4.0,1.0,6.0,137,83.0,54.0,9.0,14.0,-0.29505782306352357,-0.23780641823403886,2
JoseWi20,DT,69,17,7.0,2.0,7.0,103,73.0,30.0,21.0,6.0,-0.17980712691651543,0.10946826129028574,2
KearFr00,DT,35,8,1.0,0.0,5.5,43,29.0,14.0,4.0,8.0,-1.661705849018583,0.2139345395934542,0
KekeKi00,DT,37,15,3.0,2.0,6.5,50,23.0,27.0,4.0,11.0,-1.132418124857462,0.5212162129083431,0
KellEt20,DT,36,9,0.0,1.0,2.0,63,44.0,19.0,8.0,4.0,-1.486465023377667,0.12621697358743258,0
KennJi21,DT,94,31,6.0,2.0,8.5,146,108.0,38.0,25.0,9.0,0.48915637234133624,-0.23498108949722457,2
KilgDa01,DT,29,0,1.0,0.0,0.0,16,11.0,5.0,0.0,1.0,-2.243687703303161,0.11567365167673685,0
KinlJa00,DT,18,16,4.0,0.0,1.5,41,16.0,25.0,3.0,5.0,-1.7359583504858187,0.044618001985451086,0
KlecDa20,DT,63,6,0.0,0.0,5.0,52,35.0,17.0,5.0,5.0,-1.4909519589723959,-0.08020954648912354,0
KlugKa00,DT,109,8,8.0,5.0,21.5,128,87.0,41.0,30.0,39.0,1.4884606112615983,1.3997810742389778,2
KnigTe99,DT,108,96,11.0,3.0,14.0,230,148.0,82.0,34.0,38.0,2.6438897477742627,-0.35425461324851226,2
KoloRo20,DT,54,19,2.0,2.0,4.0,54,45.0,9.0,4.0,0.0,-1.2357023847467388,0.1652927727643851,0
KuhnMa00,DT,39,11,4.0,0.0,1.5,48,24.0,24.0,2.0,4.0,-1.6199843357076475,-0.12928877552432338,0
LaFaTr20,DT,4,0,0.0,0.0,0.0,3,2.0,1.0,1.0,0.0,-2.5348596078366783,0.3652409756502131,0
LandDe99,DT,88,24,6.0,0.0,9.0,130,96.0,34.0,33.0,22.0,0.31017179245861076,-0.12917215259463627,2
LarsLe20,DT,16,5,1.0,1.0,2.0,23,16.0,7.0,2.0,0.0,-2.0423263367229256,0.396983642254726,0
LavaCh20,DT,30,20,3.0,0.0,2.5,64,48.0,16.0,6.0,0.0,-1.5206220661712266,-0.147822321673151,0
LawrDe03,DT,41,35,4.0,1.0,8.0,124,70.0,54.0,12.0,23.0,-0.19347187710336378,0.06855755935989949,2
LawrRa01,DT,15,6,0.0,0.0,0.0,13,10.0,3.0,1.0,0.0,-2.3467263094840964,0.19843367110095364,0
LawsTr99,DT,56,2,6.0,1.0,5.0,57,45.0,12.0,12.0,11.0,-1.0323688473666515,0.31469101775551755,0
LeexJa21,DT,9,1,0.0,0.0,1.0,9,7.0,2.0,0.0,0.0,-2.4424856897613374,0.31885760140037306,0
LeisRo20,DT,18,1,0.0,0.0,0.0,18,10.0,8.0,2.0,1.0,-2.291416160642661,0.18958161700255055,0
LeviLa00,DL,7,0,0.0,0.0,0.0,3,3.0,0.0,1.0,0.0,-2.5180873679936635,0.3477091698940181,0
LewiDa20,DT,141,65,16.0,4.0,23.5,277,201.0,76.0,42.0,26.0,3.4678484007732617,-0.21377433917493055,1
LewiJo22,DT,4,0,0.0,0.0,0.0,4,3.0,1.0,0.0,0.0,-2.544340990717645,0.35145024745847664,0
LewiTr99,DT,18,7,1.0,0.0,0.0,31,25.0,6.0,3.0,2.0,-2.105404411940808,0.12516772082701932,0
LissSe99,DT,69,21,1.0,0.0,6.5,135,78.0,57.0,9.0,14.0,-0.4510037917674923,-0.510751827853716,2
LiugCo00,DT,127,104,20.0,5.0,26.0,294,222.0,72.0,67.0,58.0,4.838394756980024,0.6029259999523785,1
LogaBe00,DT,89,63,3.0,3.0,7.0,230,161.0,69.0,36.0,17.0,1.5655960436717222,-0.5163528564264801,2
LongRi20,DT,39,4,2.0,1.0,9.5,63,49.0,14.0,13.0,0.0,-1.2121752206446603,0.39476139908235297,0
LopeRo00,DL,6,5,0.0,0.0,0.0,5,5.0,0.0,0.0,1.0,-2.4793297474633316,0.3233804611218972,0
LotuSt00,DT,115,114,7.0,2.0,15.5,191,114.0,77.0,35.0,29.0,2.2511576025405953,-0.566045364777596,2
LyncJa00,DT,13,0,0.0,0.0,2.0,10,5.0,5.0,2.0,2.0,-2.3293033210820506,0.3662845157214798,0
MaddAn20,DT,35,12,1.0,1.0,5.0,58,43.0,15.0,8.0,3.0,-1.4096641377582182,0.24100140047227375,0
MaduJu00,DT,18,8,1.0,0.0,2.0,35,22.0,13.0,5.0,6.0,-1.924957549172181,0.2280980161436445,0
MaheJe20,DT,11,1,0.0,0.0,1.0,20,16.0,4.0,1.0,2.0,-2.3157226649850653,0.2884366687384169,0
MarkSe99,DT,103,61,23.0,5.0,19.0,205,150.0,55.0,38.0,53.0,3.1436354050869513,0.8877937473330304,1
MarsKe20,DT,1,0,0.0,0.0,0.0,1,0.0,1.0,0.0,0.0,-2.583379135051337,0.3864786112112543,0
MartMi01,DT,46,5,1.0,0.0,4.0,68,42.0,26.0,12.0,12.0,-1.285609925118405,0.0782246069740525,0
MartVa99,DT,51,27,0.0,1.0,3.0,79,47.0,32.0,6.0,6.0,-1.094311086010663,-0.16007403969137973,0
MathRi99,DT,96,20,4.0,2.0,5.0,108,66.0,42.0,14.0,19.0,-0.048257977925532755,-0.08578051332815373,2
McBeRy99,DT,47,21,0.0,0.0,4.0,76,49.0,27.0,10.0,8.0,-1.213705806815582,-0.14240966157299756,0
McBrTu99,DT,66,24,2.0,6.0,9.5,125,78.0,47.0,13.0,35.0,0.6031553582911817,1.1597725642289936,2
McCaJo22,DT,44,1,5.0,1.0,2.5,52,35.0,17.0,6.0,5.0,-1.3967837729093346,0.1717420268747007,0
McClTe00,DT,95,34,0.0,3.0,7.5,136,87.0,49.0,12.0,17.0,0.2431682658303738,-0.07910762590768822,2
McCoGe99,DT,140,139,24.0,6.0,59.5,334,235.0,99.0,86.0,153.0,7.976133480229777,3.088288577391878,3
McCuDa00,DT,76,3,2.0,0.0,2.5,49,24.0,25.0,4.0,9.0,-1.390049816039022,-0.2133435234554531,0
McDoCl99,DT,121,37,6.0,0.0,21.0,279,178.0,101.0,37.0,47.0,2.424482423751219,-0.5103289255024589,2
McDoMa00,DT,9,9,0.0,0.0,2.0,20,12.0,8.0,4.0,4.0,-2.1613799708842576,0.3358972184496277,0
McGeSt01,DT,81,30,1.0,2.0,4.5,118,75.0,43.0,6.0,15.0,-0.2958850259408232,-0.23249857021706696,2
McInR.00,DT,18,0,0.0,0.0,2.0,18,10.0,8.0,2.0,3.0,-2.225515024038922,0.29877855399657394,0
McKeKa00,DT,9,0,0.0,0.0,0.0,11,4.0,7.0,1.0,0.0,-2.4326415919983813,0.26993877710135483,0
McNeAl00,DT,6,4,0.0,0.0,0.0,14,6.0,8.0,1.0,1.0,-2.389310617954541,0.2665754874442826,0
MebaBr99,DT,182,176,10.0,3.0,18.5,467,299.0,168.0,63.0,59.0,6.2806810904541805,-1.9897966513110892,1
MillRo99,DT,119,84,5.0,1.0,8.0,252,169.0,83.0,24.0,18.0,1.775576340099094,-1.4417792881961689,2
MitcEa99,DT,130,66,9.0,1.0,6.5,267,163.0,104.0,24.0,17.0,1.9667193037198365,-1.647806596839434,2
MoalFi99,DT,64,45,3.0,0.0,3.5,88,49.0,39.0,10.0,14.0,-0.6476220035498303,-0.4366781555710565,0
MondMa20,DT,7,0,0.0,0.0,0.0,6,4.0,2.0,2.0,0.0,-2.4769329741307096,0.33558114951729134,0
MontAn20,DT,42,22,6.0,0.0,3.0,78,55.0,23.0,9.0,7.0,-1.0717265883049947,-0.18777827136674247,0
MontMi20,DT,58,8,2.0,1.0,5.0,124,87.0,37.0,8.0,13.0,-0.6571721811586662,-0.12673965744094529,0
MoorDr99,DT,7,0,0.0,0.0,0.0,4,4.0,0.0,2.0,0.0,-2.49574718711333,0.35242553066105214,0
MoorKi20,DT,89,14,10.0,2.0,10.5,123,93.0,30.0,19.0,7.0,0.23773181956002093,0.005126159372900618,2
MoorLa20,DT,51,9,1.0,1.0,5.0,87,68.0,19.0,16.0,8.0,-0.9488981208117824,0.1519630522118666,0
MoorRa21,DT,44,18,2.0,1.0,3.0,94,65.0,29.0,3.0,2.0,-1.1378267813833562,-0.21304028242691414,0
MoslC.20,DT,140,31,3.0,6.0,14.0,195,141.0,54.0,19.0,27.0,1.7802712878046008,0.328514550256426,2
MurcLa00,DT,16,2,0.0,0.0,0.0,10,4.0,6.0,2.0,0.0,-2.364898899557498,0.2259295691218085,0
NeilCh00,DT,24,0,0.0,1.0,2.0,16,8.0,8.0,3.0,2.0,-2.069163194590136,0.44202249027155216,0
NeviDr00,DT,27,3,1.0,0.0,1.0,52,28.0,24.0,4.0,3.0,-1.8351997674688145,-0.019945020018275573,0
NgatHa20,DT,180,174,40.0,7.0,32.5,517,329.0,188.0,63.0,91.0,8.929111855498785,-0.622619382220705,3
NichBi00,DT,52,41,4.0,2.0,10.0,118,64.0,54.0,16.0,24.0,0.13675774059760945,0.29021978231082596,2
NixoDa00,DT,6,0,0.0,0.0,0.5,6,1.0,5.0,0.0,2.0,-2.4722798656993366,0.3626049886024626,0
NixxJo20,DT,31,0,0.0,2.0,0.0,21,17.0,4.0,1.0,0.0,-1.983841068199858,0.4469470664031943,0
NkemRo00,DT,35,6,3.0,2.0,4.5,56,32.0,24.0,10.0,10.0,-1.1516535595510304,0.540953453721571,0
NnadDe00,DT,56,49,1.0,1.0,2.0,149,73.0,76.0,3.0,4.0,-0.37207547282348596,-0.9121784366285438,2
NuneRa00,DT,77,27,0.0,0.0,1.5,87,47.0,40.0,8.0,9.0,-0.9482137780338761,-0.5833178042018775,0
OdenIf00,DL,36,15,0.0,1.0,10.5,62,36.0,26.0,10.0,30.0,-0.8986660023680924,0.8085985159237897,0
OdigOs00,DL,6,5,0.0,0.0,2.0,13,8.0,5.0,3.0,8.0,-2.2392776140614634,0.4794654186540502,0
OgunAd01,DL,5,0,0.0,0.0,1.0,5,4.0,1.0,1.0,2.0,-2.4681745704265055,0.4168392603641152,0
OgunLa00,DT,69,56,1.0,2.0,18.0,212,128.0,84.0,36.0,42.0,1.6636931091596547,0.30818998167733525,2
OkamFr99,DT,28,9,0.0,0.0,0.0,45,38.0,7.0,7.0,0.0,-1.9252932052209655,-0.01714972664874522,0
OkoyAm99,DT,87,59,7.0,3.0,16.0,177,118.0,59.0,27.0,40.0,1.6321023564406092,0.3945665062234988,2
OlivEd00,DT,40,31,5.0,2.0,8.0,91,60.0,31.0,15.0,17.0,-0.3655055959283074,0.44954953793407715,2
OnyeDa00,DT,80,42,5.0,1.0,16.0,174,96.0,78.0,21.0,44.0,1.119418506846214,0.13206887157878264,2
OshiBa20,DT,2,0,0.0,0.0,0.0,2,2.0,0.0,0.0,0.0,-2.5733441277650657,0.3786874968198575,0
PaeaSt00,DT,83,46,6.0,3.0,14.0,129,76.0,53.0,24.0,31.0,0.949540370844471,0.4997158349800284,2
PageCh99,DT,6,0,0.0,0.0,0.0,5,4.0,1.0,0.0,0.0,-2.5247449601615335,0.3326351886689761,0
ParrDa00,DT,36,32,0.0,0.0,5.0,83,52.0,31.0,9.0,12.0,-1.093509771978021,-0.08475927581906789,0
PattMi20,DT,147,108,4.0,4.0,16.5,388,287.0,101.0,43.0,23.0,3.9840114148138155,-1.3555532092175386,1
PayeKw00,DL,4,4,0.0,0.0,0.0,9,7.0,2.0,1.0,0.0,-2.4629938931388566,0.3107081059949983,0
PaynDa00,DT,55,49,9.0,4.0,12.0,192,109.0,83.0,18.0,26.0,1.3156841269887025,0.2458755146473834,2
PekoDo20,DT,214,194,14.0,3.0,20.0,616,321.0,295.0,47.0,50.0,7.800163273651689,-3.746956807597516,1
PendJe00,DT,5,0,0.0,0.0,0.0,3,2.0,1.0,0.0,0.0,-2.5441870739391144,0.3488484936322531,0
PeniJo00,DT,24,12,1.0,0.0,1.0,42,20.0,22.0,4.0,0.0,-1.888508201104467,-0.046515716469626836,0
PeteCo00,DT,144,124,9.0,1.0,19.0,298,197.0,101.0,49.0,38.0,3.635074840352307,-1.2019898064787538,1
PeteKe21,DT,76,15,7.0,4.0,8.0,118,82.0,36.0,14.0,13.0,0.2024186848944078,0.4313648731823231,2
PhilDa01,DT,60,19,2.0,2.0,11.5,91,53.0,38.0,19.0,24.0,-0.18444692126040596,0.6345791872275017,2
PhilHa00,DT,36,3,2.0,0.0,0.5,66,37.0,29.0,4.0,9.0,-1.5846440667527888,-0.09151648683345265,0
PhilJa02,DL,6,3,0.0,0.0,1.5,17,7.0,10.0,1.0,5.0,-2.290277120145661,0.368908713479699,0
PhilJo01,DT,93,47,17.0,3.0,19.0,136,93.0,43.0,30.0,41.0,1.7713965439409018,0.7860997099944571,2
PickRy20,DT,207,185,33.0,1.0,9.5,583,386.0,197.0,52.0,11.0,7.0212927232050255,-4.503603082189644,1
PitcQu99,DT,9,1,0.0,0.0,1.5,18,13.0,5.0,3.0,3.0,-2.283327361471638,0.3603167881780994,0
PoexDo00,DT,128,125,14.0,2.0,20.5,285,205.0,80.0,31.0,49.0,3.566523399079262,-0.7221709918658491,1
PopeMo20,DT,48,21,4.0,1.0,6.0,67,53.0,14.0,9.0,0.0,-1.080846218352863,0.04452448294614118,0
PouhSi20,DT,106,55,11.0,1.0,4.5,263,193.0,70.0,13.0,8.0,1.349388414288958,-1.5868495694131366,2
PoweCa98,DT,3,0,0.0,0.0,0.0,1,0.0,1.0,0.0,0.0,-2.5702125034949095,0.372200736134105,0
PoweJe00,DT,28,4,2.0,0.0,1.0,18,12.0,6.0,3.0,1.0,-2.093651067150451,0.14626010345770035,0
PresDe99,DT,8,0,1.0,0.0,0.0,20,18.0,2.0,3.0,0.0,-2.3279239191595584,0.2707170429087785,0
PricBr99,DT,20,14,0.0,0.0,3.0,27,23.0,4.0,10.0,6.0,-1.8752714028660171,0.33520055287848205,0
PryoMy99,DT,24,2,1.0,1.0,1.0,34,19.0,15.0,3.0,7.0,-1.854649980108297,0.3631645376357051,0
PughDa20,DT,4,1,0.0,0.0,0.0,1,0.0,1.0,0.0,0.0,-2.556051284414672,0.3592056084651358,0
QualEl00,DT,6,0,0.0,0.0,0.0,4,3.0,1.0,0.0,1.0,-2.520670955481506,0.3533135886266921,0
RajiBJ99,DT,91,78,10.0,0.0,11.0,151,103.0,48.0,24.0,18.0,0.9291088681471602,-0.7071152034731037,2
RamsLa20,DT,34,5,1.0,1.0,1.0,28,23.0,5.0,8.0,6.0,-1.7653860756109159,0.3704062688797349,0
RandKh00,DT,12,0,0.0,0.0,0.0,8,6.0,2.0,0.0,0.0,-2.4629791610015728,0.27230500544094527,0
RankSh00,DT,71,33,3.0,3.0,19.5,129,82.0,47.0,28.0,49.0,1.0416545129395234,1.2181644578840287,2
ReadD.00,DT,75,66,3.0,0.0,7.5,201,102.0,99.0,18.0,28.0,0.8683933474686835,-0.9418666202851145,2
ReedJa02,DT,81,72,6.0,3.0,22.0,211,108.0,103.0,22.0,64.0,2.3341750055505566,0.5938196639075264,2
ReedJa21,DT,99,32,4.0,0.0,7.0,230,162.0,68.0,19.0,9.0,0.7026192777736943,-1.2438860561424492,2
ReidCa00,DT,55,16,2.0,1.0,3.5,55,38.0,17.0,11.0,11.0,-1.1321102190150452,0.18077791264219079,0
ReyeKe00,DT,78,50,8.0,0.0,14.5,151,99.0,52.0,22.0,34.0,0.7983078599769674,-0.09485501498624825,2
RichSh00,DT,129,118,16.0,10.0,32.5,476,281.0,195.0,60.0,95.0,7.417349180560402,0.8997147906585633,3
RidgHa00,DT,57,11,1.0,1.0,9.5,72,36.0,36.0,13.0,19.0,-0.7541947591119194,0.4091036383927822,0
RobbFr20,DT,180,148,27.0,3.0,35.5,370,272.0,98.0,88.0,50.0,6.593052141984863,-0.46821322117070163,1
RobeDe20,DT,92,90,1.0,3.0,16.0,283,195.0,88.0,24.0,20.0,2.1909831017815615,-0.7461128568341947,2
RobeTr00,DT,15,0,0.0,0.0,0.0,5,4.0,1.0,0.0,1.0,-2.454991714477898,0.2845259670671689,0
RobeTy20,DT,12,0,1.0,0.0,2.0,26,19.0,7.0,3.0,0.0,-2.195653492044129,0.2665714705556258,0
RobiAS00,DT,75,43,17.0,3.0,5.0,213,141.0,72.0,16.0,15.0,1.3408574171317973,-0.5706324442681824,2
RochIs00,DT,55,9,3.0,0.0,9.5,81,46.0,35.0,10.0,13.0,-0.8896796934315809,0.08272916726822815,0
RogeSh99,DT,163,130,27.0,6.0,37.5,514,374.0,140.0,83.0,75.0,8.004044163791216,-0.07797100769342541,3
RousGr00,DL,6,6,1.0,0.0,3.0,20,17.0,3.0,4.0,3.0,-2.166516081672926,0.4102374351188597,0
RoyxBr00,DT,24,9,1.0,0.0,1.0,38,16.0,22.0,2.0,6.0,-1.905760648692305,0.06754179728438042,0
RubiAh99,DT,145,107,7.0,6.0,15.0,428,264.0,164.0,23.0,37.0,4.555633074514391,-1.4166422156204646,1
RussDo00,DT,3,0,0.0,0.0,0.0,4,3.0,1.0,0.0,0.0,-2.550924306495858,0.3585891849970513,0
RyanCl99,DT,49,27,2.0,3.0,3.0,121,100.0,21.0,17.0,7.0,-0.3630622858321144,0.18517284898303576,2
SandTe20,DT,80,15,10.0,0.0,4.0,134,98.0,36.0,14.0,6.0,-0.23454926321003006,-0.6708288469529802,2
SapeLa20,DT,10,0,0.0,0.0,0.0,8,7.0,1.0,0.0,0.0,-2.479123500049627,0.29046788737762375,0
SaunKh00,DT,22,5,1.0,0.0,1.0,33,18.0,15.0,0.0,2.0,-2.076065019376774,0.07205344552133874,0
ScotDo99,DT,33,5,0.0,0.0,0.0,54,43.0,11.0,6.0,5.0,-1.8163065820564266,-0.014341797921878945,0
ScotIa20,DT,65,40,16.0,1.0,3.0,120,90.0,30.0,23.0,2.0,0.16654164013408812,-0.4769890294683099,2
SenaDe00,DT,22,2,0.0,0.0,0.0,34,17.0,17.0,2.0,3.0,-2.1068284354487843,0.07989210807520497,0
SettTi00,DT,55,2,0.0,0.0,7.0,46,31.0,15.0,10.0,12.0,-1.4129119396799883,0.2656343808215967,0
SharMo20,DT,5,0,0.0,0.0,1.0,4,4.0,0.0,1.0,0.0,-2.4985884842772377,0.39297901844526595,0
ShawJo20,DT,14,0,0.0,0.0,1.0,11,8.0,3.0,2.0,0.0,-2.369488944919998,0.294566818512433,0
ShelDa01,DT,94,72,2.0,1.0,6.0,264,130.0,134.0,16.0,19.0,1.4703092782266403,-1.5641841517846669,2
ShepNa00,DT,47,8,0.0,0.0,4.5,51,24.0,27.0,9.0,22.0,-1.328698596962087,0.2816384644798595,0
ShirJa99,DT,7,0,0.0,1.0,2.5,8,4.0,4.0,2.0,2.0,-2.247218308527811,0.6237329596780877,0
ShorKa00,DT,99,76,12.0,9.0,32.5,280,167.0,113.0,59.0,88.0,5.03749210279422,2.2754011146555886,1
ShroDa20,DT,23,1,6.0,0.0,3.0,35,23.0,12.0,3.0,3.0,-1.8026428028305794,0.18858937783261498,0
SiavJu20,DT,56,6,2.0,0.0,1.0,56,46.0,10.0,6.0,3.0,-1.569195273800562,-0.1932524704617571,0
SimmJe01,DT,33,31,8.0,1.0,10.5,111,64.0,47.0,14.0,27.0,-0.09543720154450296,0.39333453706807314,2
SimoCo00,DT,95,91,14.0,9.0,32.0,251,194.0,57.0,50.0,0.0,3.7640153224462374,1.0368629329931784,1
SimoDe00,DT,16,1,0.0,0.0,1.5,23,12.0,11.0,2.0,2.0,-2.2136450966363252,0.2389535049643955,0
SimsPa99,DT,130,49,3.0,0.0,9.0,294,169.0,125.0,30.0,40.0,2.1333302620229952,-1.39989035180976,2
SimsRy20,DT,105,55,5.0,1.0,8.5,147,115.0,32.0,26.0,11.0,0.6081165425455997,-0.5741818554073742,2
SlatTe00,DL,6,0,0.0,0.0,1.0,8,4.0,4.0,0.0,2.0,-2.449280717055011,0.3751802066305142,0
SmarTa00,DT,34,4,1.0,0.0,0.0,24,13.0,11.0,0.0,1.0,-2.1111580742567706,-0.003053307393699564,0
SmitDA99,DT,16,0,0.0,0.0,0.0,20,10.0,10.0,0.0,1.0,-2.3251680462797917,0.1743642121075633,0
SmitKe23,DT,36,10,2.0,0.0,4.5,72,58.0,14.0,6.0,0.0,-1.4954525662783396,-0.086105045631099,0
SmitLe20,DT,45,2,1.0,0.0,1.0,23,19.0,4.0,0.0,0.0,-2.065438046148075,-0.018749067387091548,0
SoliPa99,DT,138,87,12.0,2.0,5.5,221,159.0,62.0,35.0,25.0,2.224328913034032,-1.0871113478497456,2
SopoIs20,DT,147,95,10.0,1.0,8.5,245,165.0,80.0,23.0,19.0,2.179554739257907,-1.6553107816683816,2
SpenAk00,DT,115,57,0.0,1.0,10.5,211,129.0,82.0,19.0,35.0,1.2601340086041293,-0.7309503108328556,2
StanMo20,DT,33,6,3.0,1.0,1.5,53,46.0,7.0,2.0,2.0,-1.6490546033444877,0.14125157334271776,0
StarRa20,DT,186,147,21.0,2.0,42.0,422,300.0,122.0,70.0,77.0,6.855176859932577,-0.49731783062414353,1
StepSh00,DT,107,65,4.0,1.0,4.5,191,93.0,98.0,7.0,16.0,0.7852487838124973,-1.3368379189117348,2
StewDa20,DT,35,1,1.0,1.0,1.5,36,24.0,12.0,4.0,0.0,-1.8303807200662225,0.20710267735071944,0
StewGr00,DT,71,39,2.0,1.0,4.5,154,90.0,64.0,16.0,19.0,0.113794617572144,-0.4889873613484266,2
StilDe00,DT,33,0,3.0,1.0,0.5,43,21.0,22.0,1.0,1.0,-1.7668007026125983,0.10256153044445998,0
StreKe00,DT,26,4,0.0,1.0,2.0,33,17.0,16.0,5.0,2.0,-1.8607419431366818,0.3146147656453908,0
StroMa01,DT,146,129,41.0,8.0,29.5,429,314.0,115.0,62.0,24.0,6.94357326024142,-0.45035906281575433,1
SuhxNd99,DT,182,182,38.0,5.0,66.5,575,378.0,197.0,126.0,206.0,12.183291406023887,2.3044705708217705,3
SullJo23,DT,36,16,3.0,1.0,1.5,78,57.0,21.0,5.0,0.0,-1.3243772048322233,-0.11106862847171498,0
SuttWi00,DT,36,18,7.0,0.0,0.0,60,39.0,21.0,4.0,2.0,-1.437498598464527,-0.26909998183184136,0
SweeJ.00,DT,117,104,0.0,0.0,0.0,0,0.0,0.0,0.0,0.0,-1.0410196678594021,-1.0422597262525635,0
Ta'aAl00,DT,21,3,0.0,0.0,0.0,7,5.0,2.0,2.0,1.0,-2.3451000406502507,0.22967148611907579,0
TaylJu00,DT,12,0,1.0,0.0,0.0,16,11.0,5.0,4.0,2.0,-2.2814575403304858,0.2901909839954119,0
TaylPh00,DT,44,42,3.0,1.0,7.0,109,69.0,40.0,15.0,15.0,-0.35783986791820865,-0.004844844584716165,2
TaylVi00,DT,40,2,2.0,0.0,2.0,65,42.0,23.0,7.0,4.0,-1.5556148492382498,-0.08602053399682472,0
TerrCr20,DT,88,5,5.0,0.0,8.0,109,77.0,32.0,17.0,12.0,-0.3971271987338391,-0.25639355817255993,2
ThomBr01,DT,39,7,1.0,0.0,3.0,53,29.0,24.0,6.0,6.0,-1.6036549585756976,0.004414837352662886,0
ThomCa99,DT,103,27,4.0,0.0,7.5,115,83.0,32.0,20.0,16.0,-0.052962664510522284,-0.4415178449911715,2
ThomMa99,DT,76,34,4.0,1.0,1.0,147,104.0,43.0,9.0,8.0,-0.24444854833287682,-0.7556521917128516,2
ThorKh00,DT,23,6,0.0,0.0,1.0,28,20.0,8.0,4.0,3.0,-2.0772515878507463,0.16555282017014183,0
TillJe00,DT,39,22,2.0,2.0,7.5,74,40.0,34.0,9.0,25.0,-0.6747223358774216,0.6410895984001881,0
ToeaMa99,DT,36,24,3.0,0.0,2.0,50,35.0,15.0,5.0,8.0,-1.4888014623605934,-0.04456352170342247,0
TomlDa00,DT,72,72,5.0,1.0,9.5,228,113.0,115.0,21.0,23.0,1.3603455698047635,-0.9451635691585862,2
TongKh00,DL,5,1,0.0,0.0,0.0,6,3.0,3.0,0.0,0.0,-2.5113655586547874,0.3216107386457465,0
TosiMa20,DT,26,11,0.0,1.0,1.0,90,69.0,21.0,5.0,0.0,-1.4735752632150123,-0.07223466084621531,0
TripLa20,DT,92,62,10.0,5.0,8.5,214,147.0,67.0,17.0,17.0,1.7101219157764391,-0.23049739446321385,2
TrouTo00,DT,21,2,2.0,0.0,0.0,31,17.0,14.0,2.0,1.0,-2.089633135426916,0.07309890168587825,0
TubbMa20,DT,29,16,3.0,3.0,7.0,60,37.0,23.0,4.0,2.0,-1.0822328081537025,0.5990242116337954,0
TyleTa99,DT,49,21,0.0,0.0,0.0,104,83.0,21.0,4.0,5.0,-1.270301615633485,-0.5064801837970097,0
TysoDe00,DT,34,6,3.0,0.0,3.0,42,19.0,23.0,4.0,6.0,-1.6766653583848021,0.07433637075974016,0
UrbaBr00,DT,80,31,9.0,0.0,6.0,107,60.0,47.0,10.0,9.0,-0.27030585621506426,-0.5988330774927725,2
ValeVi00,DT,16,2,0.0,0.0,1.0,20,11.0,9.0,2.0,2.0,-2.24442886345319,0.23671430109688812,0
VandEd00,DT,19,13,0.0,0.0,0.0,26,18.0,8.0,2.0,2.0,-2.131959409562986,0.09201214444579608,0
VeaxVi00,DT,42,37,5.0,0.0,8.5,89,56.0,33.0,12.0,25.0,-0.512968694799392,0.1527908192027855,0
VickKe99,DT,86,44,12.0,2.0,6.5,166,120.0,46.0,21.0,23.0,0.9373647483159316,-0.27866810432078504,2
WalkDa21,DT,109,84,16.0,6.0,28.5,212,167.0,45.0,38.0,11.0,3.0495356991924574,0.585051299559837,1
WalkVa99,DT,104,32,2.0,2.0,12.0,172,119.0,53.0,25.0,19.0,0.8252443782780059,-0.18887175551558755,2
WaltLe00,DT,36,4,3.0,0.0,2.0,22,17.0,5.0,4.0,4.0,-1.9080841719079622,0.16463308398475024,0
WarrGe20,DT,163,137,18.0,7.0,36.5,339,253.0,86.0,61.0,29.0,5.707491583226222,0.11824423848550533,1
WarrSt20,DT,25,0,4.0,0.0,1.0,19,16.0,3.0,2.0,0.0,-2.099623794095309,0.16590846958367622,0
WashAd00,DT,39,21,3.0,0.0,5.5,68,40.0,28.0,12.0,11.0,-1.1026337543867957,0.05696435032020036,0
WashBr01,DT,14,1,0.0,0.0,0.0,7,2.0,5.0,1.0,0.0,-2.4238201207872763,0.2543066478465501,0
WatkCa00,DT,48,23,5.0,0.0,5.0,88,48.0,40.0,13.0,7.0,-0.8301217842269795,-0.2363544065972471,0
WatsGa20,DT,62,21,2.0,2.0,2.0,105,81.0,24.0,9.0,3.0,-0.7367232026626779,-0.16956952326772964,0
WattAr01,DT,31,5,1.0,2.0,4.0,67,31.0,36.0,1.0,5.0,-1.3609477031642954,0.30400001387434794,0
WeavRa00,DL,2,0,0.0,0.0,0.0,2,0.0,2.0,0.0,0.0,-2.5673887127818134,0.3709174831007992,0
WilfVi20,DT,189,179,27.0,5.0,16.0,560,367.0,193.0,39.0,38.0,7.223018293516583,-2.9173012179367195,1
WilkCh00,DT,40,36,9.0,1.0,5.5,147,86.0,61.0,13.0,13.0,0.00404615083875387,-0.3199821854551218,2
WilkMu00,DT,108,104,29.0,11.0,44.5,410,245.0,165.0,71.0,103.0,7.8320637513598035,2.3438271024231816,3
WillBr02,DT,116,107,10.0,2.0,6.5,301,172.0,129.0,30.0,18.0,2.745063992345967,-1.787259476960764,2
WillCo21,DT,126,74,16.0,8.0,27.5,277,200.0,77.0,40.0,55.0,4.315212527664617,1.1639872801640312,1
WillDa22,DT,3,1,0.0,0.0,0.5,7,3.0,4.0,1.0,0.0,-2.48609624370267,0.35448454622362546,0
WillDa99,DT,102,66,11.0,0.0,3.5,222,154.0,68.0,12.0,19.0,1.0859385012731502,-1.4800375535822452,2
WillJo30,DT,73,48,4.0,3.0,8.0,173,117.0,56.0,15.0,0.0,0.4914637068579914,-0.4418165377037161,2
WillKe98,DT,203,193,73.0,10.0,63.0,528,370.0,158.0,113.0,90.0,12.368658999253807,1.1362878542968984,3
WillKy20,DT,183,178,11.0,4.0,48.5,609,387.0,222.0,103.0,141.0,9.821791666391391,0.07731052448120762,3
WillMi08,DL,6,1,0.0,0.0,0.0,9,2.0,7.0,0.0,0.0,-2.4735832159110167,0.28532022253200146,0
WillNi01,DT,71,26,4.0,0.0,7.5,103,60.0,43.0,12.0,17.0,-0.4323875296691888,-0.2533916641227104,2
WillQu00,DT,34,30,5.0,2.0,14.0,115,70.0,45.0,19.0,29.0,0.13051075629371542,0.7788405641466984,2
WillSy00,DT,110,63,5.0,0.0,5.5,150,97.0,53.0,21.0,14.0,0.5324210004145056,-1.040245170398454,2
WindRo01,DT,2,0,0.0,0.0,0.0,2,2.0,0.0,0.0,0.0,-2.5733441277650657,0.3786874968198575,0
WinnBi00,DT,74,23,7.0,2.0,3.0,117,70.0,47.0,17.0,12.0,-0.06635768539709859,-0.17321276496101817,2
WolfDe00,DT,122,116,17.0,1.0,34.0,350,225.0,125.0,52.0,81.0,5.0203598130988105,-0.10015222008358193,1
WoodAl99,DT,133,56,6.0,0.0,6.5,225,120.0,105.0,21.0,15.0,1.3410805460097046,-1.6575443061393602,2
WoodCe20,DT,61,29,0.0,2.0,1.0,117,78.0,39.0,8.0,0.0,-0.7075287434804911,-0.4082914814625803,0
WortDo99,DT,8,0,1.0,0.0,0.0,3,2.0,1.0,0.0,0.0,-2.487933755287756,0.32397353944012275,0
WortJe00,DT,40,4,0.0,1.0,2.5,35,19.0,16.0,6.0,6.0,-1.6846742695062416,0.2971782607347123,0
WortSh20,DT,4,0,0.0,0.0,0.0,3,3.0,0.0,1.0,0.0,-2.537837315328305,0.36912598250974216,0
WrenRe00,DT,11,2,0.0,0.0,0.0,8,4.0,4.0,0.0,0.0,-2.448451255192487,0.2599615489996724,0
WrigGa00,DT,15,1,2.0,0.0,0.0,12,9.0,3.0,2.0,1.0,-2.2916242968001024,0.25073028303721495,0
WrigRo99,DT,14,9,1.0,0.0,1.5,38,28.0,10.0,2.0,3.0,-2.0257184492765097,0.15489218484160774,0
WrotCl20,DT,26,0,0.0,1.0,1.5,27,21.0,6.0,5.0,5.0,-1.9410148723565936,0.434771767179238,0
YounBr20,DT,123,89,9.0,7.0,22.5,309,230.0,79.0,36.0,21.0,3.689060925039879,0.021456157304487855,1
ZettAn00,DT,51,16,0.0,1.0,7.5,77,51.0,26.0,15.0,17.0,-0.8315960646501115,0.35744494667734106,0
