player_id,position,games,gamestarts,def_int,def_int_td,pass_defended,fumbles_forced,sacks,tackles_combined,tackles_solo,tackles_assists,tackles_loss,qb_hits,Component_1,Component_2,kmeans_pca_cluster
AbduKh20,LB,16,0,0,0.0,0.0,0.0,0.0,10,8.0,2.0,0.0,0.0,-2.363455032098619,0.06187853978800846,0
AchoEm00,LB,20,2,0,0.0,0.0,0.0,0.0,33,22.0,11.0,2.0,0.0,-2.213949240584766,0.017061766249286917,0
AdamKe20,LB,95,23,0,0.0,2.0,3.0,0.0,181,154.0,27.0,8.0,0.0,-0.8070438101131827,-0.11575864372479454,0
AdamMa00,LB,50,9,0,0.0,0.0,0.0,0.0,50,36.0,14.0,6.0,2.0,-1.8399812774662392,0.040023904501410086,0
AdibXa99,LB,44,8,0,0.0,0.0,2.0,0.0,70,54.0,16.0,3.0,2.0,-1.7423574941040851,0.10017009091158587,0
AdkiSp99,LB,24,1,0,0.0,0.0,0.0,0.0,15,12.0,3.0,1.0,3.0,-2.2480802689633874,0.11758577003986163,0
AkbaHa20,LB,10,0,0,0.0,0.0,0.0,0.0,5,2.0,3.0,0.0,0.0,-2.4147874699807717,0.07117665912340175,0
AlexD.00,LB,61,1,0,0.0,0.0,1.0,0.0,51,43.0,8.0,2.0,0.0,-1.8463120549529415,0.039503937906208555,0
AlexKw00,LB,75,73,7,1.0,30.0,10.0,10.5,510,361.0,149.0,42.0,24.0,3.4056257180750107,-0.653946686621317,1
AlleBr21,LB,47,9,1,0.0,4.0,0.0,1.0,95,74.0,21.0,3.0,0.0,-1.5868676539346716,-0.23163215504593887,0
AlleDa01,LB,28,3,0,0.0,0.0,1.0,0.0,27,16.0,11.0,3.0,1.0,-2.086673422092335,0.1153390470195726,0
AlleJa21,LB,48,12,1,1.0,3.0,4.0,0.0,94,74.0,20.0,0.0,0.0,-1.06423539032837,-0.2643877640668227,0
AlleJo03,LB,32,19,1,0.0,5.0,2.0,18.5,96,65.0,31.0,21.0,43.0,-0.5378833404045864,1.53332527123147,0
AlonKi00,LB,86,67,10,1.0,17.0,7.0,3.0,588,369.0,219.0,30.0,17.0,3.2310271616239294,-1.7543931098964236,1
AlstJo20,LB,39,8,0,0.0,1.0,2.0,0.0,66,51.0,15.0,4.0,0.0,-1.7709880476698596,0.06524435292959754,0
AndeCh21,LB,94,7,0,0.0,4.0,4.0,7.5,123,91.0,32.0,17.0,14.0,-0.6197985099683058,0.6714090253962794,0
AndeJa21,LB,123,71,3,0.0,23.0,5.0,12.0,579,421.0,158.0,38.0,18.0,2.7043598762342214,-0.5039397615544986,1
AndeRy00,LB,52,4,0,0.0,1.0,5.0,6.0,86,55.0,31.0,7.0,15.0,-1.173086958290604,0.7391894527569256,0
AngePa99,LB,54,39,2,0.0,8.0,4.0,2.5,328,195.0,133.0,14.0,9.0,0.2304234103364518,-0.4554365223165906,1
AnthSt00,LB,62,20,1,0.0,5.0,2.0,1.0,152,97.0,55.0,9.0,5.0,-0.9094596213861644,-0.1467964277694242,0
AnzaAl00,LB,46,28,2,0.0,4.0,3.0,5.0,171,116.0,55.0,9.0,10.0,-0.6632773569034002,0.04182935782259472,0
ArnoSt99,LB,9,0,0,0.0,0.0,1.0,0.0,5,3.0,2.0,0.0,0.0,-2.361393757297865,0.1344725567400486,0
ArriLa00,LB,85,72,3,1.0,38.0,6.0,23.5,417,338.0,79.0,44.0,1.0,2.694074908644354,-0.287009456681788,1
AttaJe00,LB,79,23,0,0.0,2.0,4.0,20.5,146,114.0,32.0,31.0,43.0,0.07810899135922261,1.8351899980719621,0
AverGe00,LB,54,12,0,0.0,5.0,1.0,7.0,95,56.0,39.0,9.0,24.0,-1.0954291382752424,0.6455621362405455,0
AvriCl99,LB,140,114,1,1.0,29.0,30.0,74.0,298,207.0,91.0,67.0,146.0,6.605002056766978,6.687915591000399,3
AyerAk00,LB,99,57,4,0.0,22.0,4.0,15.5,326,222.0,104.0,29.0,34.0,1.7107706767922766,0.3169421725634891,1
AyodAk20,LB,143,114,7,0.0,27.0,9.0,9.5,742,558.0,184.0,32.0,4.0,4.11158414319426,-1.5186504344137004,2
BabiJa20,LB,150,94,0,0.0,8.0,14.0,64.5,374,285.0,89.0,86.0,127.0,4.776895721829246,5.577506410493649,3
BailBo20,LB,64,57,2,1.0,13.0,2.0,7.0,305,226.0,79.0,15.0,6.0,0.6397358210113196,-0.6392808782212357,1
BailMa01,LB,20,0,0,0.0,2.0,0.0,0.0,5,4.0,1.0,0.0,0.0,-2.3091656360668,0.0471602282562459,0
BakeJe00,LB,57,46,3,1.0,13.0,5.0,12.5,371,241.0,130.0,15.0,27.0,1.3400819758998102,-0.1180072617273164,1
BaldJo99,LB,3,0,0,0.0,0.0,0.0,0.0,3,2.0,1.0,0.0,0.0,-2.470331886067955,0.08015570324453634,0
BallNe00,LB,6,2,0,0.0,0.0,0.0,1.0,9,7.0,2.0,1.0,1.0,-2.3779771552294062,0.13057343404327204,0
BanoBe00,LB,32,0,0,0.0,1.0,1.0,2.5,19,10.0,9.0,3.0,6.0,-2.0024568944121164,0.3179936811851395,0
BantTu20,LB,113,31,1,0.0,5.0,4.0,27.5,249,176.0,73.0,29.0,48.0,1.01836257263051,1.7685070457003986,1
BarnAn99,LB,99,5,1,0.0,5.0,5.0,30.0,143,122.0,21.0,30.0,46.0,0.4245815742219886,2.1988876372897534,1
BarnNi20,LB,153,139,12,2.0,42.0,6.0,20.5,1043,732.0,311.0,68.0,24.0,7.509000272860964,-2.5352978190080258,2
BarrAn00,LB,91,91,3,0.0,29.0,8.0,15.5,437,304.0,133.0,36.0,40.0,2.748344890182038,0.4737884426389952,1
BarrLa00,LB,32,1,0,0.0,0.0,0.0,0.0,15,10.0,5.0,0.0,0.0,-2.2306389454374784,0.04244504551762916,0
BarrSa00,LB,34,8,0,0.0,1.0,0.0,1.0,60,45.0,15.0,3.0,4.0,-1.9055877918392596,0.06640892673040487,0
BartCo00,LB,40,4,0,0.0,1.0,2.0,0.0,74,42.0,32.0,0.0,2.0,-1.7735235624950754,0.03345562093185137,0
BateSo20,LB,17,3,0,0.0,2.0,0.0,0.0,37,25.0,12.0,1.0,0.0,-2.1817407761589296,-0.02478772757849171,0
BateTr00,LB,10,0,0,0.0,0.0,0.0,0.0,3,1.0,2.0,0.0,0.0,-2.422339311214687,0.07660893583988372,0
BaunZa00,LB,23,4,0,0.0,0.0,0.0,0.0,28,18.0,10.0,1.0,1.0,-2.198664291414941,0.038367855514357174,0
BeasJo99,LB,105,101,11,0.0,36.0,3.0,4.0,798,591.0,207.0,35.0,12.0,4.1458203420414685,-2.532771263154308,2
BeasVi00,LB,93,60,1,0.0,12.0,12.0,37.5,161,123.0,38.0,37.0,46.0,1.7010753141164496,2.7742666631568382,1
BeauSt00,LB,5,0,0,0.0,0.0,0.0,0.0,5,2.0,3.0,0.0,0.0,-2.447644330109264,0.07250962854315139,0
BeckJo20,LB,26,0,0,0.0,0.0,0.0,0.0,23,19.0,4.0,0.0,0.0,-2.25762271185139,0.03146554826789093,0
BeckKe00,LB,16,9,0,0.0,2.0,1.0,1.0,73,60.0,13.0,7.0,2.0,-1.8659919550662036,0.08936192622300992,0
BeisMo20,LB,122,19,2,0.0,3.0,2.0,4.5,254,202.0,52.0,9.0,0.0,-0.18905236238647147,-0.39536797076241303,0
BellBe99,LB,5,0,0,0.0,0.0,1.0,0.0,3,3.0,0.0,0.0,0.0,-2.3972240573079526,0.14265181920933334,0
BellKe20,LB,90,72,1,0.0,6.0,2.0,20.5,338,274.0,64.0,62.0,2.0,1.2199298105975551,0.5165485150559608,1
BellMa21,LB,45,9,1,0.0,6.0,1.0,2.0,128,109.0,19.0,5.0,0.0,-1.3639128124592301,-0.19989623531659684,0
BennCh21,LB,3,0,0,0.0,0.0,0.0,0.0,2,1.0,1.0,0.0,1.0,-2.464366200713995,0.10257824597497454,0
BentJa00,LB,40,25,1,0.0,6.0,1.0,1.5,198,126.0,72.0,10.0,6.0,-0.8633159335956899,-0.2861293680453864,0
BentKe20,LB,137,37,2,0.0,9.0,2.0,1.0,422,281.0,141.0,13.0,3.0,0.8450174573662084,-0.9878238240105714,1
BiegVi00,LB,39,10,1,0.0,1.0,0.0,2.5,79,41.0,38.0,9.0,13.0,-1.4919797868794893,0.1790517663423401,0
BierKe00,LB,25,0,0,0.0,0.0,0.0,0.0,5,3.0,2.0,0.0,0.0,-2.3182098602686736,0.06885836108115616,0
BierKr99,LB,114,37,2,2.0,5.0,3.0,23.5,331,216.0,115.0,37.0,60.0,2.2016516758384204,1.0805251911944167,1
BishDe99,LB,75,27,1,1.0,9.0,7.0,9.0,301,228.0,73.0,17.0,15.0,0.7295762691954016,0.1279076586884838,1
BlacDa20,LB,74,7,0,0.0,1.0,2.0,4.0,99,75.0,24.0,5.0,6.0,-1.3067806643944764,0.25929456874609574,0
BlacQu99,LB,81,40,3,0.0,9.0,4.0,3.5,279,226.0,53.0,22.0,6.0,0.32091722575970827,-0.3087022497235032,1
BladH.99,LB,64,7,0,0.0,1.0,0.0,0.0,140,99.0,41.0,1.0,0.0,-1.5195631517434112,-0.26989828581945186,0
BockCo20,LB,49,24,0,0.0,4.0,0.0,2.0,160,116.0,44.0,8.0,0.0,-1.2344974520641991,-0.2279904316123549,0
BoimRo20,LB,103,27,5,1.0,12.0,4.0,1.5,267,175.0,92.0,9.0,0.0,0.718649056794552,-1.1146253985807504,1
BoleMi20,LB,131,103,8,0.0,44.0,8.0,9.5,699,542.0,157.0,37.0,25.0,4.418208952550817,-1.2799174165780425,2
BoltNi00,LB,6,6,0,0.0,0.0,0.0,0.0,40,30.0,10.0,5.0,0.0,-2.218652492970839,0.03037575090710777,0
BondDe00,LB,38,6,0,0.0,0.0,0.0,0.0,42,34.0,8.0,2.0,2.0,-2.027946114037513,0.03852784579304408,0
BorlCh00,LB,14,8,2,0.0,4.0,0.0,1.0,108,84.0,24.0,12.0,1.0,-1.5593465992759246,-0.2577450282935995,0
BostJo00,LB,106,81,3,0.0,15.0,0.0,9.5,559,337.0,222.0,30.0,21.0,2.1385414655820947,-0.8799639389958305,1
BoweAl99,LB,2,0,0,0.0,0.0,0.0,0.0,1,0.0,1.0,0.0,0.0,-2.4824621286541895,0.08417396362796502,0
BowmNa99,LB,104,89,5,1.0,31.0,9.0,14.0,836,607.0,229.0,49.0,31.0,4.785696600862545,-0.9659310072518945,2
BowsTy00,LB,72,11,4,0.0,11.0,1.0,13.0,110,68.0,42.0,15.0,37.0,-0.1725420047745979,0.6765610792682294,0
BradCa01,LB,8,0,0,0.0,0.0,0.0,0.0,9,8.0,1.0,2.0,2.0,-2.3775477087418917,0.12467440243680883,0
BradNi00,LB,116,96,3,0.0,33.0,5.0,8.5,619,403.0,216.0,34.0,21.0,3.215642278489332,-0.9170303647739082,1
BradSh00,LB,24,0,0,0.0,1.0,0.0,0.0,31,18.0,13.0,1.0,0.0,-2.195765977974604,-0.0024826535714538855,0
BradSt99,LB,76,30,3,0.0,15.0,1.0,3.0,239,187.0,52.0,23.0,12.0,0.09969368626088954,-0.3686266135786522,1
BranAn00,LB,95,38,0,0.0,14.0,8.0,25.5,188,125.0,63.0,34.0,46.0,1.1385605536256214,2.0570890485877027,1
BrigLa99,LB,173,170,16,5.0,84.0,16.0,15.0,1181,944.0,237.0,97.0,24.0,11.263424218290115,-3.6622379675066306,2
BrinJa99,LB,94,42,0,0.0,4.0,9.0,2.0,316,234.0,82.0,17.0,6.0,0.4369192146722414,0.13755187400610835,1
BrooJo01,LB,22,14,0,0.0,4.0,0.0,1.0,128,71.0,57.0,5.0,2.0,-1.5908383083518942,-0.19516394662828365,0
BrotKe00,LB,51,1,0,0.0,0.0,0.0,1.0,55,41.0,14.0,1.0,1.0,-1.9382937889285778,0.012868052400950014,0
BrowAr00,LB,50,0,0,0.0,0.0,1.0,0.5,20,16.0,4.0,0.0,3.0,-2.0116798777950082,0.17223050604297302,0
BrowBa01,LB,5,0,0,0.0,0.0,0.0,0.0,1,0.0,1.0,0.0,0.0,-2.4627480125770944,0.08337418197611528,0
BrowBl00,LB,28,2,0,0.0,0.0,0.0,0.5,17,13.0,4.0,0.0,1.0,-2.228440573194645,0.07978696830704989,0
BrowCa01,LB,20,0,0,0.0,0.0,1.0,0.0,16,10.0,6.0,0.0,3.0,-2.2243276323360313,0.16582354584354986,0
BrowJa05,LB,56,23,0,0.0,12.0,3.0,4.5,265,187.0,78.0,14.0,7.0,-0.2948725930679243,-0.11341244124641008,0
BrowJa06,LB,60,35,3,1.0,26.0,4.0,9.5,346,229.0,117.0,17.0,18.0,1.2987820038101994,-0.5440096282033879,1
BrowPr00,LB,82,77,5,1.0,14.0,3.0,1.0,610,351.0,259.0,21.0,12.0,2.4897903779873025,-1.8324166858891282,1
BrowZa00,LB,100,80,7,2.0,22.0,6.0,17.5,664,462.0,202.0,59.0,32.0,4.467864654328045,-0.8606377938422487,2
BrunTJ00,LB,5,0,0,0.0,0.0,0.0,0.0,3,2.0,1.0,0.0,0.0,-2.457189142016558,0.0796225154766365,0
BuaxTo20,LB,7,0,0,0.0,0.0,0.0,0.0,1,1.0,0.0,0.0,0.0,-2.4515982391990767,0.08452160442521857,0
BullCo20,LB,20,1,0,0.0,0.0,0.0,0.0,10,10.0,0.0,0.0,0.0,-2.3333574395140966,0.063426389458741,0
BullKe00,LB,170,138,21,1.0,72.0,15.0,18.0,1109,811.0,298.0,61.0,6.0,9.138651340373407,-3.6372827745102883,2
BurgPr99,LB,40,0,0,0.0,1.0,0.0,0.0,38,32.0,6.0,0.0,0.0,-2.097999005438958,-0.016121341518336565,0
BurkOr00,LB,51,6,0,0.0,0.0,2.0,0.5,78,54.0,24.0,2.0,2.0,-1.6782801720799898,0.081886641153286,0
BurnKe20,LB,136,75,5,3.0,25.0,8.0,20.0,632,495.0,137.0,51.0,34.0,4.749191399437515,-0.5745983644386592,2
BurrBe00,LB,32,0,0,0.0,0.0,1.0,0.0,16,10.0,6.0,1.0,0.0,-2.1588262978065815,0.10899091536858488,0
BurrMi00,LB,38,31,1,0.0,4.0,0.0,1.5,209,141.0,68.0,9.0,9.0,-0.8995654778935294,-0.2869933537079171,0
BushDe01,LB,28,27,2,0.0,8.0,2.0,4.0,168,108.0,60.0,11.0,8.0,-0.7703828620553226,-0.1283465751917307,0
ButlDo99,LB,85,67,3,1.0,12.0,5.0,7.0,402,285.0,117.0,29.0,12.0,1.683169908715919,-0.5652295122235689,1
ButlVi99,LB,65,2,0,0.0,4.0,4.0,11.0,91,70.0,21.0,10.0,17.0,-0.9655258392250472,0.8968105819473811,0
CalmRo20,LB,27,12,2,0.0,2.0,0.0,1.0,89,68.0,21.0,8.0,0.0,-1.6056748661061149,-0.25137756261594496,0
CampDe00,LB,84,79,5,0.0,22.0,8.0,8.5,545,357.0,188.0,28.0,15.0,2.59680614591302,-0.7589634691074604,1
CannAn20,LB,32,0,0,0.0,0.0,0.0,0.0,23,17.0,6.0,0.0,0.0,-2.214208538350441,0.02650476453018509,0
CardTa00,LB,78,2,0,0.0,1.0,0.0,0.0,53,38.0,15.0,0.0,0.0,-1.773062511541009,-0.07100889026250125,0
CarpBo20,LB,98,12,1,1.0,5.0,0.0,3.5,180,135.0,45.0,8.0,9.0,-0.4103777539617359,-0.37235925278878607,0
CartBr00,LB,101,36,5,1.0,17.0,0.0,5.0,332,234.0,98.0,24.0,14.0,1.204471487144445,-1.022420519284286,1
CartCh00,LB,80,4,0,0.0,1.0,0.0,0.0,46,29.0,17.0,3.0,2.0,-1.7036628438080426,0.0018468365138087223,0
CartJe00,LB,57,22,0,0.0,2.0,0.0,0.5,134,70.0,64.0,6.0,4.0,-1.2897268900365821,-0.17822509868906403,0
CashBl00,LB,14,7,0,0.0,1.0,0.0,0.5,49,34.0,15.0,3.0,3.0,-2.092506980894649,0.05402836662043993,0
CaveQu20,LB,58,4,0,0.0,2.0,0.0,0.0,70,57.0,13.0,2.0,0.0,-1.7979219102308241,-0.09204155493178516,0
ChamFr20,LB,57,3,0,0.0,2.0,1.0,1.0,55,40.0,15.0,1.0,0.0,-1.7841695046925325,0.02418415999863083,0
ChanJa98,LB,54,23,3,0.0,10.0,1.0,1.0,163,122.0,41.0,9.0,1.0,-0.7523764680128716,-0.5469973664806496,0
ChilBr20,LB,97,53,1,0.0,15.0,6.0,8.5,351,299.0,52.0,30.0,23.0,1.1458240731044935,0.3889923954538092,1
ChukPa20,LB,78,5,0,0.0,3.0,4.0,9.0,83,62.0,21.0,10.0,8.0,-1.0130916368405982,0.6593584555445788,0
CichJa00,LB,16,0,0,0.0,0.0,0.0,0.0,7,4.0,3.0,0.0,0.0,-2.369800367266045,0.06582542932022346,0
ClarDa21,LB,168,102,2,0.0,20.0,9.0,7.0,689,514.0,175.0,49.0,6.0,3.63101812824235,-0.7366634286669997,1
ClayKe99,LB,36,1,0,0.0,3.0,0.0,0.0,48,38.0,10.0,1.0,0.0,-2.0239459250895684,-0.05798782246255024,0
ColeAu00,LB,57,7,0,0.0,2.0,0.0,1.0,86,59.0,27.0,3.0,5.0,-1.63537116757306,0.0002761287796361339,0
CollJa00,LB,122,102,13,1.0,38.0,19.0,27.5,700,454.0,246.0,65.0,55.0,6.7596937652355145,0.10440221086859713,2
CollZa00,LB,6,4,0,0.0,2.0,0.0,0.0,13,8.0,5.0,1.0,0.0,-2.326885064053215,0.03418207943025067,0
ConnDa99,LB,63,27,0,0.0,2.0,1.0,1.0,218,148.0,70.0,14.0,3.0,-0.8012484554236192,-0.22781142249615158,0
ConnKa99,LB,78,46,0,0.0,9.0,3.0,2.0,328,208.0,120.0,17.0,3.0,0.1838069978414101,-0.43905536269399875,1
ConnRy00,LB,26,3,2,0.0,2.0,0.0,1.0,29,18.0,11.0,2.0,1.0,-1.9376607462463675,-0.14252495249681624,0
CoopMa21,LB,45,0,0,0.0,0.0,0.0,0.0,38,36.0,2.0,0.0,0.0,-2.0950610555058544,0.0016239861607579703,0
CordJo20,LB,19,0,0,0.0,1.0,0.0,0.0,10,7.0,3.0,0.0,0.0,-2.3198009178462717,0.04704229168832412,0
CougCa00,LB,21,2,0,0.0,0.0,0.0,1.0,23,15.0,8.0,2.0,2.0,-2.2069113041219195,0.11878253304088202,0
CoviCh01,LB,8,0,0,0.0,0.0,0.0,0.0,3,3.0,0.0,0.0,0.0,-2.4394679966128416,0.08050334404178987,0
CrabSh99,LB,6,0,0,0.0,0.0,0.0,0.5,4,2.0,2.0,0.0,1.0,-2.4287254494072292,0.11489307688951485,0
CravSu00,LB,16,3,1,0.0,5.0,0.0,1.0,52,35.0,17.0,4.0,3.0,-1.9037934399189838,-0.0742116058860446,0
CrowAn20,LB,65,41,5,0.0,17.0,4.0,7.0,346,233.0,113.0,18.0,5.0,0.8740986460610691,-0.7509652850045425,1
CrowCh20,LB,82,74,1,0.0,19.0,3.0,2.5,470,343.0,127.0,20.0,14.0,1.2851460629394809,-0.6929843269945897,1
CrowTa00,LB,20,15,0,0.0,5.0,1.0,1.0,124,68.0,56.0,4.0,3.0,-1.5295237469749239,-0.12466088868086682,0
CunnJe99,LB,38,14,0,0.0,1.0,2.0,3.5,60,44.0,16.0,8.0,10.0,-1.5478590929252873,0.4379251828153493,0
CunnZa00,LB,70,64,1,1.0,17.0,4.0,6.5,551,346.0,205.0,23.0,12.0,1.9420521684040963,-0.9784248141905836,1
CurrAa99,LB,53,41,0,0.0,14.0,4.0,5.5,225,179.0,46.0,18.0,19.0,-0.07011028250812251,0.35507205493086264,0
CurrRe99,LB,9,0,0,0.0,0.0,0.0,0.0,7,4.0,3.0,0.0,0.0,-2.4157999714459337,0.06769158650787295,0
CushBr99,LB,104,104,8,1.0,30.0,9.0,13.5,664,424.0,240.0,42.0,57.0,4.809603578387885,-0.49751069086945365,2
DansKa20,LB,212,193,20,6.0,84.0,20.0,43.0,1422,1077.0,345.0,127.0,64.0,14.705706629069178,-2.603096033991502,2
DaviAk01,LB,25,2,1,0.0,6.0,1.0,0.5,59,41.0,18.0,0.0,2.0,-1.8157358801220662,-0.11280265835612896,0
DaviAn20,LB,143,103,9,0.0,33.0,5.0,12.0,787,539.0,248.0,50.0,14.0,4.694240841668448,-1.7772864337214944,2
DaviBr99,LB,15,0,0,0.0,0.0,0.0,0.0,6,5.0,1.0,0.0,0.0,-2.3831371159187693,0.0713290768879191,0
DaviBu99,LB,7,3,0,0.0,0.0,0.0,0.0,24,18.0,6.0,0.0,0.0,-2.352319266227173,0.02905279269677112,0
DaviDe00,LB,152,138,2,0.0,38.0,3.0,29.5,981,659.0,322.0,79.0,78.0,6.327387158409536,0.40959149879009976,2
DaviDe99,LB,16,0,0,0.0,0.0,0.0,1.0,13,10.0,3.0,2.0,2.0,-2.293123462076963,0.1487708764979897,0
DaviJa01,LB,57,47,1,0.0,9.0,7.0,10.5,310,204.0,106.0,19.0,23.0,0.651936999969593,0.5118928514101313,1
DaviJa11,LB,6,1,0,0.0,0.0,0.0,0.0,27,19.0,8.0,0.0,1.0,-2.3534173620880545,0.04237136633314374,0
DaviJa24,LB,40,30,0,0.0,5.0,0.0,3.5,150,101.0,49.0,10.0,0.0,-1.1918491510237057,-0.1604197158424273,0
DaviLa00,LB,143,143,12,2.0,53.0,24.0,25.0,1167,834.0,333.0,129.0,57.0,10.369292651322091,-0.5034670286215724,2
DaviRo21,LB,49,1,0,0.0,0.0,1.0,0.0,55,42.0,13.0,0.0,0.0,-1.9298463890208608,0.01078343128057337,0
DaviTh20,LB,199,174,13,0.0,55.0,18.0,29.0,1216,859.0,357.0,90.0,61.0,9.866355130879635,-0.7862571249447989,2
DawsPa00,LB,16,0,0,0.0,1.0,0.0,0.0,16,10.0,6.0,0.0,0.0,-2.3168595102216205,0.03154524319072803,0
DeOsZa99,LB,199,0,0,0.0,0.0,1.0,0.0,87,71.0,16.0,0.0,0.0,-0.8570177900058621,-0.09352715072711046,0
DenmAn20,LB,27,0,0,0.0,0.0,0.0,0.0,23,19.0,4.0,0.0,0.0,-2.2510513398256915,0.03119895438394098,0
DentAk00,LB,90,32,0,0.0,3.0,1.0,2.5,203,130.0,73.0,13.0,12.0,-0.507646535697774,0.004549806964454062,0
DiggNa20,LB,170,138,5,0.0,33.0,4.0,11.5,679,541.0,138.0,71.0,10.0,4.448782861008231,-1.0217709537664255,2
DileZa99,LB,75,31,1,0.0,3.0,3.0,1.0,245,180.0,65.0,15.0,5.0,-0.3644907000192392,-0.21563753673424457,0
DillPh99,LB,7,0,0,0.0,0.0,0.0,0.0,4,3.0,1.0,0.0,0.0,-2.4412669626848933,0.07721349445899732,0
DionSh00,LB,46,7,1,0.0,2.0,2.0,2.5,97,70.0,27.0,7.0,3.0,-1.4086156948713486,0.05300949557334632,0
DizoJo99,LB,28,0,0,0.0,0.0,1.0,1.0,56,37.0,19.0,3.0,1.0,-1.9967705830714753,0.08682976528927175,0
DobbTi20,LB,110,22,3,0.0,12.0,6.0,2.0,257,198.0,59.0,12.0,7.0,0.3665080481455917,-0.3013332738455967,1
DownDe00,LB,43,8,0,0.0,1.0,0.0,0.0,38,27.0,11.0,0.0,1.0,-1.9971905487328439,-0.010753426594296997,0
DuprAl00,LB,87,68,1,1.0,12.0,9.0,40.5,238,175.0,63.0,54.0,71.0,2.6167830421788563,2.930010007994845,1
DuraJu99,LB,128,95,3,0.0,25.0,5.0,4.5,650,502.0,148.0,50.0,12.0,3.1221442411587366,-0.9696944886896651,1
DyexTr00,LB,19,5,0,0.0,2.0,0.0,0.0,32,17.0,15.0,0.0,1.0,-2.165055316321287,-0.009937485297484103,0
EbukSa00,LB,72,37,1,1.0,6.0,6.0,15.0,168,104.0,64.0,17.0,30.0,0.5041161826419759,0.8923309910157056,1
EddsA.99,LB,21,0,0,0.0,0.0,0.0,0.0,15,5.0,10.0,0.0,1.0,-2.2920121095475254,0.05826823186423542,0
EdmuTr01,LB,54,54,4,0.0,26.0,2.0,5.5,410,258.0,152.0,22.0,14.0,1.2521120357926945,-0.9170985596184453,1
EgbuEm00,LB,30,0,0,0.0,0.0,0.0,0.0,11,8.0,3.0,0.0,1.0,-2.2579382971509654,0.07513649142666583,0
EligUk00,LB,24,1,0,0.0,1.0,0.0,1.0,12,9.0,3.0,1.0,2.0,-2.226467079945037,0.1274044826432936,0
ElliKa00,LB,26,0,0,0.0,0.0,0.0,0.0,17,8.0,9.0,0.0,2.0,-2.246844228897648,0.07541091564270899,0
ElliKe20,LB,58,40,2,0.0,12.0,0.0,2.0,265,164.0,101.0,13.0,2.0,-0.216887522016844,-0.7504915506105766,0
ElliKe98,LB,13,9,0,0.0,3.0,0.0,1.0,52,43.0,9.0,3.0,2.0,-2.0435780510975707,0.03054559894275246,0
EmanKy00,LB,72,32,2,0.0,5.0,1.0,4.0,150,95.0,55.0,11.0,10.0,-0.6125558488130252,-0.08483133850437506,0
EnglLa99,LB,64,10,0,0.0,2.0,2.0,12.0,103,70.0,33.0,10.0,22.0,-0.9597789477841459,0.8902655438101403,0
EvanJo01,LB,65,9,2,0.0,7.0,0.0,3.5,127,81.0,46.0,6.0,5.0,-1.0543398127185934,-0.25488859992415946,0
EvanRa01,LB,54,46,1,0.0,7.0,0.0,3.0,297,185.0,112.0,13.0,13.0,-0.1677049482379629,-0.4086975244113957,0
FackKy00,LB,81,19,1,1.0,4.0,3.0,22.5,155,111.0,44.0,29.0,44.0,0.5197497970002869,1.463977995523178,1
FincAl20,LB,38,0,0,0.0,0.0,0.0,0.0,26,18.0,8.0,0.0,0.0,-2.1624560590086874,0.015916481043261058,0
FishLe20,LB,23,15,0,0.0,2.0,1.0,1.0,82,71.0,11.0,9.0,0.0,-1.7439048767606875,0.044412349044530494,0
FlemDa00,LB,11,0,0,0.0,0.0,0.0,0.0,10,3.0,7.0,0.0,0.0,-2.386347038860216,0.05480845812274231,0
FlowMa00,LB,53,3,0,0.0,2.0,1.0,3.5,50,38.0,12.0,5.0,4.0,-1.7019557002061045,0.24661931506941404,0
FloyLe00,LB,79,79,1,1.0,10.0,3.0,36.5,249,159.0,90.0,42.0,75.0,2.132151524140995,2.352266950090964,1
FokoMo99,LB,73,35,0,0.0,6.0,4.0,3.0,235,179.0,56.0,9.0,10.0,-0.34982542224418994,0.06779011088451285,0
FollZa99,LB,17,2,0,0.0,1.0,0.0,0.0,31,18.0,13.0,0.0,0.0,-2.2390497226212727,-0.010117111413283267,0
FolsJ.99,LB,2,0,0,0.0,0.0,0.0,0.0,1,1.0,0.0,0.0,0.0,-2.484455099327569,0.08585457384496815,0
FootLa20,LB,187,134,4,0.0,27.0,10.0,25.0,818,552.0,266.0,65.0,35.0,5.692882383636544,0.008283434712460097,2
FordDe00,LB,85,43,0,0.0,7.0,12.0,40.0,159,117.0,42.0,44.0,79.0,1.7438444123011188,3.7735652055795885,1
ForrJo00,LB,12,4,0,0.0,1.0,0.0,0.0,9,6.0,3.0,2.0,1.0,-2.302882189110747,0.0843562598455758,0
FortKh00,LB,3,0,0,0.0,0.0,0.0,0.0,1,1.0,0.0,0.0,0.0,-2.4778837273018706,0.08558797996101826,0
FostMa00,LB,107,92,8,2.0,20.0,4.0,8.5,667,460.0,207.0,41.0,23.0,4.082032842954218,-1.7452038883224141,2
FostRe00,LB,16,16,0,0.0,2.0,0.0,0.0,101,84.0,17.0,10.0,7.0,-1.7219509075568644,0.05319813681562245,0
FowlDa00,LB,90,45,0,0.0,15.0,10.0,34.5,197,138.0,59.0,44.0,59.0,1.7164313687973642,2.8343919999221328,1
FoxxKe20,LB,98,7,1,1.0,4.0,1.0,1.0,181,141.0,40.0,11.0,2.0,-0.4809914913578003,-0.5009340481252738,0
FranZa00,LB,57,9,0,0.0,2.0,0.0,0.0,71,40.0,31.0,0.0,0.0,-1.7526106099605023,-0.1436500034900634,0
FujiSc20,LB,143,125,7,0.0,26.0,11.0,23.5,771,600.0,171.0,43.0,19.0,4.861380329699411,-0.5087789576243649,2
GachAn00,LB,101,9,0,0.0,1.0,1.0,2.0,149,112.0,37.0,15.0,8.0,-0.8980418141353268,0.12058636217600911,0
GaitOm20,LB,92,45,2,0.0,20.0,2.0,6.0,344,264.0,80.0,24.0,10.0,0.8013865601796641,-0.45151653336145325,1
GardGi20,LB,55,15,1,0.0,7.0,0.0,1.0,118,82.0,36.0,7.0,4.0,-1.2413443376737658,-0.22945442795301452,0
GaryRa00,LB,40,13,0,0.0,1.0,1.0,11.5,84,45.0,39.0,10.0,32.0,-1.1397778557376004,1.0579073500247986,0
GayJWi00,LB,21,12,2,0.0,5.0,1.0,1.0,55,37.0,18.0,3.0,1.0,-1.6734397119064954,-0.1761631267388511,0
GedeBe00,LB,39,22,0,0.0,2.0,0.0,0.0,103,60.0,43.0,0.0,0.0,-1.656663133603613,-0.22875623813182783,0
GeorJe01,LB,37,1,0,0.0,0.0,0.0,0.5,36,27.0,9.0,2.0,2.0,-2.079816562218121,0.07065069437867022,0
GilbTo20,LB,68,0,0,0.0,0.0,1.0,1.0,47,39.0,8.0,1.0,3.0,-1.7891235199521707,0.13661539137830087,0
GilbUl00,LB,19,0,0,0.0,0.0,0.0,0.0,14,8.0,6.0,0.0,0.0,-2.3246512922069344,0.046852984269188505,0
GlasJo00,LB,17,0,0,0.0,0.0,0.0,0.0,11,7.0,4.0,0.0,0.0,-2.350118283445894,0.05637489222031285,0
GlenCo99,LB,19,0,0,0.0,0.0,0.0,0.0,24,19.0,5.0,0.0,0.0,-2.2988499100776316,0.029775261988797833,0
GlenJa20,LB,80,1,0,0.0,5.0,0.0,0.0,114,92.0,22.0,0.0,0.0,-1.4964333565005945,-0.2464086074793777,0
GoetTr99,LB,16,0,0,0.0,0.0,0.0,0.0,11,7.0,4.0,0.0,0.0,-2.356689655471593,0.05664148610426274,0
GoffJo99,LB,37,20,1,0.0,4.0,1.0,2.0,107,72.0,35.0,10.0,4.0,-1.301698306511097,-0.046546023717626867,0
GoldIa00,LB,115,80,4,1.0,30.0,9.0,17.0,527,436.0,91.0,43.0,7.0,3.309665677744677,-0.4692713474687246,1
GoodB.00,LB,67,43,4,0.0,12.0,2.0,1.0,251,168.0,83.0,9.0,6.0,0.052280668316993226,-0.7605275525544903,1
GoodNa00,LB,90,8,1,0.0,7.0,0.0,2.0,107,79.0,28.0,5.0,2.0,-1.1389513085681633,-0.2194900893604981,0
GoodTa99,LB,58,12,0,0.0,1.0,1.0,0.0,91,74.0,17.0,4.0,3.0,-1.5771906659934782,0.007225471473563913,0
GoodZa00,LB,33,3,0,0.0,0.0,0.0,0.0,46,32.0,14.0,7.0,1.0,-2.0054655065055824,0.04400121998619318,0
GranCi20,LB,7,0,0,0.0,0.0,0.0,0.0,4,4.0,0.0,0.0,0.0,-2.443259933358272,0.07889410467600046,0
GranLa99,LB,68,11,0,0.0,6.0,4.0,5.0,95,80.0,15.0,8.0,9.0,-1.0287942958774177,0.46420686270054606,0
GranOr20,LB,27,1,0,0.0,0.0,1.0,0.0,33,29.0,4.0,2.0,0.0,-2.1277404215650324,0.08905556932382748,0
GreeBa20,LB,65,49,0,0.0,13.0,3.0,5.0,289,200.0,89.0,15.0,0.0,0.03763428001941319,-0.3283696812353891,1
GreeCh99,LB,156,144,11,2.0,33.0,8.0,18.0,1103,762.0,341.0,62.0,42.0,7.673513930116229,-2.1409980739924652,2
GreeDr00,LB,30,23,2,1.0,4.0,0.0,2.0,184,129.0,55.0,10.0,4.0,-0.7200460512301287,-0.6155984956229479,0
GreeKh00,LB,25,6,1,0.0,1.0,1.0,0.0,44,33.0,11.0,5.0,7.0,-1.8501691884410083,0.11011019314651874,0
GreeMo20,LB,125,108,2,0.0,20.0,3.0,7.0,685,471.0,214.0,31.0,3.0,2.832017648826806,-1.3615738603639707,1
GreeRo20,LB,54,0,0,0.0,0.0,0.0,12.0,44,31.0,13.0,11.0,19.0,-1.4884845168760497,0.8930686225617783,0
GregRa00,LB,45,7,0,0.0,1.0,7.0,15.5,76,57.0,19.0,18.0,47.0,-0.5428388155283647,1.9983961364717362,0
GreiNi20,LB,98,33,1,0.0,13.0,5.0,4.0,263,206.0,57.0,21.0,1.0,0.2722690778494259,-0.16731023333463274,1
GrifSh01,LB,46,1,0,0.0,1.0,0.0,1.0,25,17.0,8.0,1.0,6.0,-2.000818900832377,0.17093737178756263,0
GrigBo20,LB,45,1,0,0.0,0.0,0.0,0.0,36,31.0,5.0,0.0,0.0,-2.086842968217767,-0.0004131732182469233,0
GrugKa00,LB,77,25,1,0.0,2.0,4.0,3.0,175,130.0,45.0,18.0,6.0,-0.5116600931564996,0.14569046876682462,0
HageBr00,LB,79,7,0,0.0,4.0,1.0,0.5,71,45.0,26.0,1.0,5.0,-1.4627686307426275,0.026306014917929586,0
HaggCl20,LB,172,104,1,0.0,24.0,16.0,46.5,520,370.0,150.0,49.0,43.0,4.574627968691142,2.324093348191898,1
HaggMa20,LB,132,35,1,1.0,3.0,8.0,9.0,293,232.0,61.0,29.0,18.0,1.2314517487238816,0.4351132883226421,1
HaglTy20,LB,50,19,1,0.0,7.0,1.0,2.0,174,126.0,48.0,6.0,2.0,-1.0151078207314572,-0.30698099548709556,0
HallAl99,LB,32,2,0,0.0,0.0,2.0,3.0,39,35.0,4.0,3.0,8.0,-1.875360887372351,0.42073093481121404,0
HallKo99,LB,61,26,0,0.0,0.0,0.0,0.0,42,35.0,7.0,0.0,0.0,-1.7660873170660503,-0.03796977598074337,0
HaroEl00,LB,61,24,0,0.0,1.0,1.0,9.0,95,65.0,30.0,16.0,20.0,-0.9728975119090331,0.7473280444299665,0
HarrCh03,LB,62,14,0,0.0,4.0,1.0,10.5,106,59.0,47.0,16.0,34.0,-0.7664551552657334,1.011553895270476,0
HarrDa99,LB,164,153,6,1.0,32.0,10.0,36.5,1110,725.0,385.0,55.0,69.0,7.707284933727913,-0.19230641079981664,2
HarrMa06,LB,23,11,0,0.0,1.0,0.0,0.0,66,39.0,27.0,3.0,0.0,-1.9656165574027464,-0.08360246481958208,0
HarrNa20,LB,100,73,4,0.0,16.0,4.0,8.5,484,349.0,135.0,36.0,8.0,1.9569028546554224,-0.7074463021976438,1
HarrNi99,LB,30,6,0,0.0,0.0,0.0,1.5,67,50.0,17.0,5.0,2.0,-1.9293293938174598,0.05829981524033781,0
HarrTy20,LB,14,0,0,0.0,0.0,0.0,0.0,3,3.0,0.0,0.0,0.0,-2.4000397644586515,0.07890378073809033,0
HartEd20,LB,77,57,1,0.0,10.0,3.0,7.0,403,280.0,123.0,25.0,1.0,0.7540928680739662,-0.49549856086032695,1
HawkA.20,LB,159,147,9,0.0,34.0,4.0,20.0,946,645.0,301.0,57.0,36.0,6.066594420656042,-1.4706298947067742,2
HayeGe20,LB,94,64,4,1.0,15.0,6.0,5.5,431,349.0,82.0,30.0,9.0,1.9044829920663153,-0.7447948594363433,1
HayeGe98,LB,101,70,6,1.0,21.0,6.0,10.0,401,313.0,88.0,48.0,21.0,2.6404777675079862,-0.4191572983265495,1
HaynMa01,LB,39,0,0,0.0,1.0,1.0,6.0,37,23.0,14.0,6.0,9.0,-1.7729629855762754,0.48944770156295736,0
HaywAd98,LB,118,13,0,0.0,5.0,0.0,1.0,176,139.0,37.0,7.0,2.0,-0.8265236679786598,-0.27278036298919983,0
HeenBe00,LB,24,5,0,0.0,1.0,1.0,2.5,55,44.0,11.0,5.0,4.0,-1.9037218070598065,0.220420068882407,0
HendE.20,LB,125,105,5,1.0,20.0,13.0,15.5,761,559.0,202.0,67.0,36.0,5.093305374849951,-0.11361478266931126,2
HendTr00,LB,54,26,0,0.0,3.0,4.0,28.5,85,59.0,26.0,25.0,57.0,-0.04319052036378017,2.488131906602131,0
HensRo99,LB,6,0,0,0.0,0.0,0.0,0.0,3,3.0,0.0,0.0,0.0,-2.452610740664239,0.08103653180968971,0
HerrWi99,LB,109,10,3,0.0,5.0,3.0,1.0,148,122.0,26.0,8.0,1.0,-0.5626109505436446,-0.32213239652857784,0
HickJo00,LB,84,81,11,1.0,31.0,4.0,9.5,586,393.0,193.0,38.0,25.0,3.7583359109155445,-1.7031982922304874,1
HighAl02,LB,23,12,1,0.0,1.0,0.0,3.5,76,42.0,34.0,9.0,12.0,-1.5898313688107288,0.21072028773286655,0
HighDo01,LB,110,107,1,0.0,17.0,2.0,25.5,533,332.0,201.0,42.0,65.0,3.0578189169732584,1.0729054010697392,1
HillHu20,LB,101,69,2,0.0,14.0,6.0,7.0,396,300.0,96.0,26.0,12.0,1.400250523666821,-0.1825464981109157,1
HillLe20,LB,97,89,0,0.0,11.0,7.0,20.0,512,379.0,133.0,41.0,18.0,2.214824988140256,0.5454880157401918,1
HitcAn00,LB,111,99,1,0.0,11.0,4.0,5.5,644,393.0,251.0,37.0,25.0,2.6532079720844197,-0.6205777815647562,1
HobsVi20,LB,80,57,3,0.0,9.0,2.0,11.0,355,246.0,109.0,22.0,23.0,0.9201289217821346,-0.053012060455412735,1
HodgAb20,LB,35,1,0,0.0,2.0,1.0,0.0,34,25.0,9.0,0.0,0.0,-2.0442915659560414,0.03591897230674902,0
HodgGe00,LB,91,36,3,1.0,9.0,1.0,3.5,332,249.0,83.0,15.0,8.0,0.630936653400058,-0.8876581609323093,1
HodgSe20,LB,63,43,0,0.0,11.0,0.0,1.0,211,164.0,47.0,8.0,0.0,-0.7097256571277546,-0.47020975387894653,0
HoguDo01,LB,32,0,0,0.0,0.0,0.0,0.0,16,13.0,3.0,0.0,0.0,-2.2396434973324557,0.04467742792937028,0
HolcCo00,LB,35,33,2,0.0,4.0,5.0,4.5,250,166.0,84.0,14.0,8.0,-0.2567484472559468,-0.05281140695406046,0
HollDe01,LB,9,2,0,0.0,0.0,0.0,2.0,26,14.0,12.0,2.0,2.0,-2.2527079919044697,0.14672549759679437,0
HollJu00,LB,34,2,0,0.0,3.0,2.0,6.0,61,40.0,21.0,5.0,8.0,-1.625339754979955,0.4405860580137926,0
HolmTy01,LB,15,0,0,0.0,0.0,0.0,1.0,9,3.0,6.0,0.0,1.0,-2.339339248085331,0.11493901410012804,0
HousJu00,LB,142,136,4,1.0,32.0,18.0,100.5,468,381.0,87.0,120.0,161.0,8.090458326537288,7.004555879214377,3
HowaMa99,LB,9,0,0,0.0,0.0,1.0,1.5,14,9.0,5.0,2.0,2.0,-2.262024840252086,0.22529556280045923,0
HowaTh20,LB,95,78,7,2.0,30.0,6.0,6.0,494,392.0,102.0,36.0,12.0,3.2594188441408143,-1.4913700179924234,1
HowaTr00,LB,24,0,0,0.0,3.0,0.0,0.0,25,21.0,4.0,0.0,0.0,-2.199365502836632,-0.008820499156182535,0
HudsKh00,LB,24,2,0,0.0,0.0,0.0,0.0,19,10.0,9.0,2.0,2.0,-2.213071546484028,0.08671169560524253,0
HuffOr20,LB,87,48,2,0.0,15.0,3.0,3.0,282,222.0,60.0,19.0,0.0,0.32986122362946774,-0.536164262507242,1
HullJo99,LB,39,1,0,0.0,0.0,1.0,0.0,25,18.0,7.0,1.0,0.0,-2.0780207596024125,0.08781465348880363,0
IngrCl20,LB,56,46,2,1.0,4.0,1.0,5.5,193,158.0,35.0,16.0,11.0,-0.12560096991755126,-0.23993748943727145,0
IrviNa00,LB,62,14,0,0.0,4.0,1.0,3.0,118,79.0,39.0,17.0,8.0,-1.0891605115920526,0.19807761684291011,0
IyieJo00,LB,53,0,0,0.0,1.0,1.0,0.0,27,23.0,4.0,1.0,0.0,-1.9722926110288492,0.07376364226167811,0
JackAl23,LB,19,1,0,0.0,0.0,0.0,0.0,26,17.0,9.0,1.0,0.0,-2.2646408788713392,0.026560783968362617,0
JackAn02,LB,13,0,0,0.0,0.0,0.0,1.0,10,8.0,2.0,3.0,1.0,-2.319033743178717,0.14433868320989243,0
JackDQ20,LB,141,140,9,2.0,42.0,7.0,19.5,1192,754.0,438.0,51.0,36.0,7.7801841647866175,-2.594571125249354,2
JackMy00,LB,80,74,3,1.0,15.0,2.0,6.5,456,302.0,154.0,19.0,16.0,1.7064990730996366,-0.9701430292561395,1
JacoLe00,LB,29,12,0,0.0,1.0,0.0,2.0,66,50.0,16.0,5.0,3.0,-1.8548179546940275,0.08437862375892441,0
JameBr20,LB,157,126,2,1.0,30.0,10.0,16.0,834,572.0,262.0,40.0,28.0,5.15788213761526,-0.7487070167162678,2
JameCo00,LB,26,14,0,0.0,1.0,2.0,0.0,104,78.0,26.0,9.0,0.0,-1.617685230356892,0.01449284905162198,0
JameRo99,LB,19,0,0,0.0,0.0,0.0,0.0,11,9.0,2.0,0.0,0.0,-2.3409614807412553,0.0592029248864193,0
JeffMa00,LB,34,0,0,0.0,0.0,0.0,0.0,16,9.0,7.0,0.0,0.0,-2.2185288705875426,0.03742179929345778,0
JenkCo20,LB,26,0,0,0.0,2.0,0.0,0.0,11,9.0,2.0,0.0,0.0,-2.251067821557621,0.032625055237106834,0
JenkJe00,LB,60,35,0,0.0,5.0,3.0,3.5,238,172.0,66.0,18.0,7.0,-0.3928288076806845,0.028795774183299525,0
JenkJo01,LB,79,62,0,0.0,8.0,7.0,24.0,205,121.0,84.0,28.0,50.0,1.0486089724175616,1.9675375519651765,1
JennAn00,LB,14,4,0,0.0,0.0,0.0,0.0,20,10.0,10.0,0.0,1.0,-2.2929223540121253,0.04776724189329114,0
JeweJo00,LB,49,30,0,0.0,8.0,1.0,3.5,217,133.0,84.0,12.0,7.0,-0.6619552188714792,-0.16319990578847482,0
JoexLe20,LB,40,1,0,0.0,0.0,0.0,0.0,46,37.0,9.0,0.0,0.0,-2.0839335928500606,-0.024560977163903916,0
JohnBr20,LB,87,16,3,0.0,14.0,1.0,3.5,224,133.0,91.0,10.0,16.0,-0.04719430457547841,-0.38950404886689216,0
JohnCl00,LB,8,0,0,0.0,0.0,0.0,0.0,11,5.0,6.0,0.0,0.0,-2.4052746903304216,0.055413016741855795,0
JohnDe25,LB,188,170,14,4.0,77.0,22.0,27.5,1171,955.0,216.0,103.0,40.0,11.43930493006199,-1.8890295230670795,2
JohnJa04,LB,49,18,0,0.0,2.0,2.0,1.0,106,80.0,26.0,7.0,1.0,-1.4081113480112384,0.03089292497794872,0
JohnLa20,LB,101,64,1,0.0,12.0,9.0,3.5,482,342.0,140.0,20.0,9.0,1.5824266398591937,-0.34599420446057694,1
JohnNi00,LB,18,3,0,0.0,0.0,0.0,0.0,22,13.0,9.0,2.0,1.0,-2.2451085476031554,0.06139005445155095,0
JohnRa01,LB,16,1,0,0.0,0.0,0.0,0.0,7,5.0,2.0,0.0,0.0,-2.3639952921109364,0.06675904430975242,0
JohnRi20,LB,32,1,0,0.0,0.0,0.0,0.0,30,18.0,12.0,0.0,0.0,-2.174996621519803,0.0025432752525162,0
JoneBr99,LB,83,36,0,0.0,7.0,3.0,10.0,263,186.0,77.0,26.0,20.0,0.22701415633629246,0.504092644055459,1
JoneDe01,LB,77,75,11,5.0,41.0,4.0,8.5,597,389.0,208.0,39.0,19.0,5.196923576835948,-2.9403852595659936,2
JoneDh20,LB,157,131,5,0.0,44.0,6.0,9.5,893,632.0,261.0,60.0,14.0,5.3738354131549375,-1.714510259854662,2
JoneEr01,LB,6,0,0,0.0,0.0,0.0,0.0,7,4.0,3.0,0.0,0.0,-2.4355140875230292,0.06849136815972269,0
JoneGr02,LB,22,5,0,0.0,0.0,0.0,0.0,31,26.0,5.0,1.0,0.0,-2.2078092857724716,0.020116296025931818,0
JoneJa05,LB,50,35,2,0.0,9.0,4.0,6.0,130,84.0,46.0,11.0,17.0,-0.4388800409826443,0.3240720773280515,0
JosuSt20,LB,4,0,0,0.0,0.0,0.0,0.0,7,6.0,1.0,0.0,0.0,-2.452642772921184,0.07238577636162886,0
JuneCa99,LB,89,73,12,2.0,26.0,2.0,1.0,504,354.0,150.0,20.0,3.0,3.0272772414062574,-2.7741103939485106,1
KacyIs20,LB,103,22,3,0.0,5.0,2.0,1.0,293,230.0,63.0,8.0,0.0,-0.102407778218291,-0.7455705781922893,0
KalaPe00,LB,41,0,0,0.0,0.0,0.0,0.0,33,17.0,16.0,0.0,0.0,-2.1073421305826825,-0.011459015092789696,0
KeglSt99,LB,35,0,0,0.0,0.0,0.0,0.0,22,18.0,4.0,0.0,0.0,-2.201259798900372,0.030942036562081016,0
KehlBr99,LB,77,5,1,0.0,1.0,0.0,1.0,128,100.0,28.0,8.0,4.0,-1.2817059568651037,-0.15102122992701983,0
KeiaFr20,LB,55,27,1,0.0,2.0,2.0,1.5,249,189.0,60.0,12.0,8.0,-0.6138930594496546,-0.1992436533427762,0
KendEr00,LB,93,89,8,2.0,44.0,4.0,12.0,723,460.0,263.0,42.0,24.0,4.840871801286438,-2.076550412906898,2
KendMy00,LB,104,91,4,0.0,30.0,7.0,19.0,548,404.0,144.0,52.0,38.0,3.456814319758477,0.28791863410487495,1
KikaHa00,LB,27,11,0,0.0,3.0,4.0,8.0,62,39.0,23.0,6.0,9.0,-1.4153509305714649,0.6559304826885333,0
KindSe99,LB,3,0,0,0.0,0.0,0.0,0.0,1,1.0,0.0,1.0,0.0,-2.4650034951781175,0.09359460453554869,0
KirkCh00,LB,92,73,5,0.0,25.0,4.0,13.5,617,384.0,233.0,36.0,25.0,2.9846417318965894,-0.7947750610839103,1
KiseMi00,LB,32,10,0,0.0,3.0,1.0,0.0,87,49.0,38.0,0.0,1.0,-1.7580249020584473,-0.10997020836808104,0
KleiAJ00,LB,127,77,3,1.0,16.0,8.0,15.5,430,291.0,139.0,40.0,27.0,2.847710671697957,0.1728001225719165,1
KnigBr20,LB,31,2,0,0.0,1.0,0.0,1.5,67,51.0,16.0,2.0,0.0,-1.9901270859169304,-0.014767336432532488,0
KnigRo20,LB,48,2,0,0.0,0.0,1.0,0.0,64,53.0,11.0,2.0,0.0,-1.881830274794911,0.012795000272461814,0
KoutNi20,LB,125,3,0,0.0,1.0,1.0,1.0,168,134.0,34.0,4.0,1.0,-0.9599347879769164,-0.18092253601845304,0
KuecLu00,LB,118,118,18,1.0,66.0,7.0,12.5,1092,690.0,402.0,75.0,31.0,8.224292761531075,-3.4497755939114256,2
KwiaNi00,LB,76,34,2,0.0,12.0,6.0,7.0,286,205.0,81.0,17.0,10.0,0.4500957927111511,-0.006627334994699155,1
LaCaRy20,LB,12,0,0,0.0,0.0,0.0,0.0,10,6.0,4.0,0.0,0.0,-2.3857545788546544,0.05958369488980182,0
LaRoJo99,LB,14,0,0,0.0,0.0,0.0,0.0,6,6.0,0.0,0.0,0.0,-2.3917014586178467,0.07327628098887219,0
LandHa00,LB,56,44,2,0.0,8.0,3.0,28.0,228,144.0,84.0,36.0,62.0,1.0189702312460744,1.9598925424127183,1
LarsSp99,LB,52,11,0,0.0,0.0,0.0,0.0,40,36.0,4.0,1.0,0.0,-1.9408579031815614,-0.007565380888062384,0
LaurJa99,LB,117,115,10,0.0,35.0,1.0,16.5,871,664.0,207.0,49.0,40.0,4.940045965603558,-1.5437967050037502,2
LawsCa00,LB,51,14,0,0.0,0.0,2.0,20.0,81,49.0,32.0,19.0,83.0,-0.33767805091352926,2.580563065583877,0
LebeBe20,LB,143,113,5,0.0,29.0,13.0,24.0,500,398.0,102.0,53.0,23.0,4.068185439534207,0.5885999608464488,1
LeexDa00,LB,58,38,3,1.0,11.0,2.0,4.0,273,178.0,95.0,17.0,11.0,0.4558291652853833,-0.6570104661582645,1
LeexEl00,LB,63,6,0,0.0,2.0,2.0,1.0,97,76.0,21.0,4.0,1.0,-1.4833091568538714,0.03739022994141927,0
LeexMa01,LB,37,19,0,0.0,3.0,0.0,0.0,107,66.0,41.0,6.0,3.0,-1.5606044332190816,-0.13280015758800914,0
LeexSe99,LB,118,92,14,2.0,30.0,2.0,4.0,802,521.0,281.0,60.0,15.0,5.384339573015526,-3.1441816340299775,2
LehmTe20,LB,45,16,2,0.0,5.0,2.0,1.0,151,106.0,45.0,8.0,0.0,-1.0462845095222835,-0.3301707217899654,0
LeonDa00,LB,51,51,9,1.0,27.0,13.0,15.0,483,308.0,175.0,29.0,19.0,3.2081570688416603,-0.6406191891868374,1
LevyDe99,LB,95,86,12,2.0,33.0,2.0,3.5,638,459.0,179.0,50.0,16.0,4.293917240864147,-2.5719708336840075,2
LewiAl20,LB,52,9,1,0.0,5.0,3.0,2.0,177,137.0,40.0,5.0,2.0,-1.0204091708746879,-0.15282437407492622,0
LewiRo02,LB,8,0,0,0.0,0.0,0.0,0.0,2,2.0,0.0,0.0,0.0,-2.4422474318931098,0.08237917729152926,0
LewiTe00,LB,17,4,0,0.0,1.0,1.0,5.0,25,17.0,8.0,6.0,7.0,-1.9658918634911524,0.4467312488717088,0
LewiTr00,LB,42,4,0,0.0,0.0,1.0,1.0,32,26.0,6.0,2.0,1.0,-1.9790744890018668,0.13897077624433207,0
LoftCu99,LB,128,120,3,1.0,25.0,11.0,8.0,948,660.0,288.0,42.0,20.0,5.148618243395386,-1.4148534937812116,2
LongDa04,LB,36,13,1,0.0,8.0,2.0,0.0,135,81.0,54.0,8.0,2.0,-1.1741690848040005,-0.24487434500669958,0
MackKh00,LB,117,116,3,2.0,22.0,23.0,76.5,467,352.0,115.0,103.0,136.0,7.315523434496713,5.739645051034508,3
MaiaKa99,LB,63,25,0,0.0,5.0,5.0,4.5,164,117.0,47.0,6.0,10.0,-0.6823015282493791,0.331560998554829,0
MallWe20,LB,65,0,0,0.0,0.0,0.0,0.0,51,43.0,8.0,1.0,0.0,-1.902662900184372,-0.030170760492341075,0
MannTe00,LB,12,0,0,0.0,0.0,0.0,0.0,3,1.0,2.0,0.0,0.0,-2.4091965671632902,0.07607574807198388,0
MarsBr01,LB,74,63,2,0.0,21.0,5.0,6.5,418,306.0,112.0,28.0,9.0,1.3518917564221975,-0.4510380425531616,1
MarsTo20,LB,51,2,0,0.0,2.0,0.0,1.0,77,60.0,17.0,4.0,0.0,-1.7895796241732773,-0.05542765319057069,0
MartBl01,LB,80,76,4,0.0,22.0,4.0,13.0,686,428.0,258.0,39.0,18.0,2.9885980847532854,-0.9677149486483748,1
MartJa02,LB,53,8,0,0.0,2.0,5.0,11.5,55,34.0,21.0,12.0,22.0,-1.0017288368595212,1.1864118259933365,0
MartKa01,LB,12,6,0,0.0,0.0,0.0,1.0,25,18.0,7.0,3.0,1.0,-2.2271604576625754,0.10358275589789055,0
MataTy00,LB,87,1,1,0.0,4.0,0.0,0.0,110,81.0,29.0,0.0,0.0,-1.3841521293063435,-0.33901598135559363,0
MattCa00,LB,64,15,0,0.0,0.0,1.0,2.5,114,81.0,33.0,7.0,5.0,-1.3424958740169755,0.10355458960156587,0
MattCl99,LB,156,150,6,2.0,44.0,17.0,91.5,519,383.0,136.0,130.0,200.0,9.549294391707257,6.7221594556755715,3
MauaRe99,LB,120,108,7,0.0,22.0,6.0,4.0,607,357.0,250.0,21.0,9.0,3.1842776254403193,-1.6773414937462559,1
MaulLo00,LB,26,3,1,0.0,2.0,0.0,6.5,33,20.0,13.0,4.0,25.0,-1.6801865672799041,0.6585966872669773,0
MautMi00,LB,58,4,0,0.0,0.0,2.0,1.0,75,58.0,17.0,3.0,1.0,-1.6576558546262525,0.104913050065529,0
MayoDa00,LB,94,19,0,0.0,4.0,1.0,2.0,177,112.0,65.0,8.0,2.0,-0.8092248594942443,-0.20099204757827518,0
MayoJe99,LB,103,93,3,0.0,19.0,8.0,11.0,802,536.0,266.0,30.0,28.0,3.645290161670919,-0.7770686718927502,1
MaysJo99,LB,78,38,0,0.0,6.0,1.0,1.5,246,184.0,62.0,19.0,10.0,-0.3332390394027015,-0.12612217391720446,0
McCaCo00,LB,36,19,3,1.0,5.0,3.0,0.0,161,117.0,44.0,10.0,2.0,-0.5554323179232208,-0.5950060870616796,0
McClDa21,LB,51,0,0,0.0,0.0,1.0,0.0,42,36.0,6.0,0.0,0.0,-1.9745851441550908,0.04714734250578191,0
McClRo00,LB,65,61,4,1.0,26.0,2.0,9.5,407,288.0,119.0,35.0,21.0,1.9274785752123937,-0.6983256728526523,1
McCoMa20,LB,72,13,0,0.0,3.0,4.0,2.0,143,115.0,28.0,6.0,3.0,-1.0219122384438728,0.136251294863275,0
McCuRo20,LB,8,0,0,0.0,0.0,0.0,0.0,9,9.0,0.0,0.0,0.0,-2.422791384931233,0.06924834454335359,0
McGaTi99,LB,12,0,0,0.0,0.0,0.0,0.0,6,6.0,0.0,0.0,0.0,-2.404844202669244,0.07380946875677204,0
McInRo20,LB,124,78,4,0.0,19.0,8.0,9.0,533,371.0,162.0,21.0,24.0,2.6123750956496616,-0.41934975891975224,1
McKeTy99,LB,19,0,0,0.0,0.0,0.0,0.0,17,17.0,0.0,0.0,0.0,-2.328270810406404,0.05130914582198935,0
McKiBe00,LB,83,77,1,0.0,14.0,4.0,11.5,539,319.0,220.0,35.0,30.0,2.128333501213554,-0.07540244890358896,1
McKiSc99,LB,16,0,0,0.0,0.0,0.0,0.0,19,15.0,4.0,0.0,0.0,-2.334454173229447,0.04163482010634763,0
McMiRa02,LB,45,32,0,0.0,3.0,3.0,0.0,204,121.0,83.0,9.0,2.0,-0.8375791288922454,-0.20966605616565295,0
McRaGe99,LB,40,12,1,0.0,4.0,0.0,1.5,120,87.0,33.0,6.0,4.0,-1.43407561763792,-0.17431653645897616,0
MerrSh99,LB,75,59,1,0.0,20.0,8.0,45.5,258,196.0,62.0,55.0,50.0,2.2209944533560955,2.7363365627434835,1
MilaMa00,LB,61,45,5,0.0,23.0,2.0,7.0,304,207.0,97.0,38.0,28.0,1.1968900000364668,-0.2113378452872308,1
MillCa20,LB,39,11,0,0.0,6.0,0.0,1.0,164,111.0,53.0,6.0,3.0,-1.3449119262426161,-0.25442099150204883,0
MillCh04,LB,7,0,0,0.0,0.0,0.0,2.0,3,2.0,1.0,2.0,2.0,-2.3672965164661783,0.2103835529506833,0
MillGa00,LB,7,0,0,0.0,0.0,0.0,0.0,4,2.0,2.0,0.0,0.0,-2.439273992011514,0.0755328842419941,0
MillVo00,LB,142,142,2,1.0,21.0,26.0,110.5,509,390.0,119.0,142.0,225.0,9.408983163463564,9.55583438619131,3
MingBa00,LB,126,40,1,0.0,16.0,5.0,12.5,255,179.0,76.0,27.0,38.0,1.1355482125628609,0.8895687905466727,1
MintKe00,LB,114,49,0,0.0,7.0,1.0,6.0,330,239.0,91.0,25.0,20.0,0.5424303432547876,0.057828799056369215,1
MisiKo99,LB,84,72,0,0.0,10.0,2.0,12.0,358,258.0,100.0,37.0,22.0,1.0207548530371113,0.36501361247065556,1
MitcKa20,LB,97,86,6,1.0,25.0,6.0,13.0,492,373.0,119.0,38.0,20.0,3.0541611461504052,-0.6915976333358163,1
MitcLa20,LB,12,0,0,0.0,0.0,0.0,0.0,8,7.0,1.0,0.0,0.0,-2.397292361435328,0.06837719204029012,0
MitcMa99,LB,98,13,1,0.0,5.0,4.0,1.0,170,125.0,45.0,8.0,4.0,-0.5950856629434048,-0.07397968434842109,0
MoatAr00,LB,121,45,0,0.0,6.0,4.0,16.5,228,136.0,92.0,15.0,38.0,0.6441359989402674,1.12426614066053,1
MochDo00,LB,8,0,0,0.0,1.0,0.0,1.0,7,7.0,0.0,1.0,3.0,-2.3505380459719487,0.1673846863943717,0
MohaMi00,LB,26,2,1,0.0,6.0,0.0,0.0,72,44.0,28.0,2.0,1.0,-1.8064196484835526,-0.23869022978692622,0
MonkQu20,LB,15,0,0,0.0,0.0,0.0,0.0,9,7.0,2.0,0.0,0.0,-2.3728058394045854,0.06402096692169783,0
MoodNi00,LB,24,2,0,0.0,0.0,0.0,0.0,26,20.0,6.0,1.0,0.0,-2.2299648849344975,0.029522649972148318,0
MoorCo20,LB,10,4,0,0.0,0.0,1.0,1.0,15,11.0,4.0,1.0,0.0,-2.262220087693515,0.15419883215507615,0
MoorEd20,LB,18,3,0,0.0,2.0,0.0,0.0,36,27.0,9.0,1.0,0.0,-2.1839277514336364,-0.01813665756169275,0
MoorSi00,LB,48,29,0,0.0,2.0,4.0,7.5,218,164.0,54.0,22.0,15.0,-0.41338068223465607,0.5373524103692462,0
MoreZe20,LB,61,15,1,0.0,5.0,2.0,3.0,171,139.0,32.0,11.0,0.0,-0.932516240657534,-0.1523143956250236,0
MorgDa99,LB,59,59,5,0.0,17.0,3.0,7.0,390,284.0,106.0,18.0,0.0,0.9776959378846665,-0.9976662681840771,1
MorrAn01,LB,47,27,0,0.0,1.0,0.0,1.0,209,124.0,85.0,11.0,3.0,-1.024056544511638,-0.30488528536879933,0
MorrKi20,LB,112,95,7,0.0,21.0,6.0,6.0,734,572.0,162.0,46.0,8.0,3.532751745741849,-1.4896726100932336,1
MorrRo20,LB,99,67,1,0.0,7.0,2.0,7.0,489,361.0,128.0,35.0,1.0,1.2266429817440885,-0.622773168222465,1
MoslC.00,LB,86,86,10,2.0,38.0,7.0,9.5,653,429.0,224.0,45.0,33.0,4.799647740823092,-1.6988763823230222,2
MounDe00,LB,12,0,1,0.0,1.0,0.0,0.0,7,6.0,1.0,1.0,1.0,-2.271103819532088,-0.01238563128490622,0
MoutJo00,LB,3,0,0,0.0,0.0,0.0,0.0,1,1.0,0.0,0.0,0.0,-2.4778837273018706,0.08558797996101826,0
MuckRo99,LB,23,4,0,0.0,0.0,2.0,0.0,11,4.0,7.0,0.0,0.0,-2.14960284519365,0.16944290438709442,0
MurpTr00,LB,86,57,1,0.0,6.0,10.0,26.0,191,117.0,74.0,33.0,66.0,1.4619745216127673,2.5653638288860128,1
MurrKe00,LB,19,19,0,0.0,3.0,0.0,1.0,126,79.0,47.0,6.0,1.0,-1.6148626885932296,-0.17772560111963132,0
NandTe20,LB,1,0,0,0.0,0.0,0.0,0.0,1,1.0,0.0,0.0,0.0,-2.4910264713532673,0.0861211677289181,0
NattMi20,LB,32,0,1,1.0,3.0,1.0,0.0,49,44.0,5.0,2.0,0.0,-1.57803674229259,-0.30956950109863385,0
NelsCo00,LB,61,7,0,0.0,6.0,0.0,1.0,116,77.0,39.0,3.0,4.0,-1.422743983608409,-0.14720270125640797,0
NewsJo00,LB,30,3,0,0.0,2.0,5.0,7.5,47,31.0,16.0,9.0,16.0,-1.38217073034473,0.924012933673726,0
NichSt99,LB,101,50,2,0.0,12.0,5.0,8.0,378,284.0,94.0,18.0,17.0,1.0496531003208807,-0.0920900215406268,1
NkanCh99,LB,23,0,0,0.0,0.0,1.0,0.0,22,20.0,2.0,0.0,0.0,-2.222144149173527,0.09885107711918008,0
NorwEr99,LB,28,0,0,0.0,0.0,1.0,1.0,24,19.0,5.0,0.0,1.0,-2.152254797838623,0.14636509859538516,0
NwosUc00,LB,53,17,0,0.0,4.0,1.0,11.0,106,67.0,39.0,14.0,35.0,-0.8267876810161134,1.0482374858941377,0
NzeoMa00,LB,54,3,1,0.0,2.0,1.0,1.0,40,32.0,8.0,1.0,1.0,-1.7653852271294215,-0.013403713003041152,0
ODanDo00,LB,50,1,0,0.0,1.0,0.0,1.0,52,34.0,18.0,3.0,2.0,-1.888778971717958,0.03624380756503361,0
OdomJo20,LB,28,8,0,0.0,1.0,0.0,0.0,58,45.0,13.0,4.0,0.0,-1.9934106743054145,-0.036152614946419276,0
OgleAl00,LB,103,102,12,4.0,60.0,13.0,7.5,720,507.0,213.0,46.0,19.0,6.736641284099499,-2.7386812292558504,2
OjulAz00,LB,6,3,0,0.0,0.0,1.0,3.0,16,9.0,7.0,2.0,3.0,-2.2149305043149328,0.29292884916571615,0
OkerBo00,LB,39,25,2,0.0,11.0,2.0,2.0,215,156.0,59.0,8.0,4.0,-0.6263326463159611,-0.43373050745134867,0
OrakBr99,LB,132,132,1,1.0,31.0,12.0,66.0,424,294.0,130.0,77.0,125.0,5.860537749164417,4.5975505624277035,3
OverWi20,LB,6,2,0,0.0,0.0,0.0,0.0,10,7.0,3.0,2.0,0.0,-2.3858192257777446,0.07738312710461702,0
OwusJe00,LB,6,5,0,0.0,4.0,1.0,0.5,29,20.0,9.0,1.0,1.0,-2.143672146031208,0.07242989115653511,0
PalmNa01,LB,48,12,0,0.0,2.0,0.0,1.0,108,68.0,40.0,5.0,5.0,-1.5427066274945775,-0.04816251756843237,0
ParsMi00,LB,6,6,0,0.0,2.0,0.0,2.5,31,20.0,11.0,3.0,10.0,-2.094215672742577,0.3030542195483832,0
PeekAn20,LB,65,28,1,0.0,10.0,6.0,14.0,129,91.0,38.0,11.0,14.0,-0.24539009869229159,0.7849106159306327,0
PerrDe00,LB,77,59,3,0.0,7.0,3.0,5.0,440,308.0,132.0,28.0,9.0,1.0705173979650284,-0.6279225811771402,1
PerrJo01,LB,17,1,0,0.0,0.0,1.0,0.0,22,16.0,6.0,1.0,0.0,-2.232922220681962,0.10098782890192318,0
PeteJu00,LB,158,147,8,0.0,64.0,21.0,51.5,809,602.0,207.0,75.0,42.0,7.930130265327728,1.15154497607763,2
PhilJa01,LB,9,3,0,0.0,1.0,0.0,0.0,25,15.0,10.0,1.0,1.0,-2.284852823942138,0.03611880863551695,0
PhilJa99,LB,29,2,0,0.0,0.0,2.0,0.0,31,25.0,6.0,1.0,0.0,-2.0592947376406956,0.14150790133508911,0
PierKe00,LB,87,15,1,0.0,8.0,2.0,2.0,188,129.0,59.0,8.0,9.0,-0.571443076192679,-0.14977231336791755,0
PierTe20,LB,18,0,0,0.0,1.0,1.0,0.0,9,7.0,2.0,0.0,0.0,-2.269186640443633,0.11221402255471023,0
PiscSa99,LB,77,22,6,0.0,16.0,3.0,0.0,210,180.0,30.0,5.0,4.0,-0.03057226452252798,-0.8774857829081114,1
PoliJa00,LB,11,0,0,0.0,0.0,0.0,1.0,4,3.0,1.0,1.0,1.0,-2.376606533832608,0.1417942315441709,0
PolkCa20,LB,74,6,0,0.0,1.0,2.0,4.0,121,101.0,20.0,7.0,1.0,-1.2793681556742138,0.13877537509288312,0
PolkDa20,LB,95,16,0,0.0,1.0,1.0,4.5,230,156.0,74.0,5.0,1.0,-0.7321537485717101,-0.22832687806645374,0
PollDa20,LB,16,6,0,0.0,1.0,0.0,4.5,29,22.0,7.0,6.0,0.0,-2.0792910672295193,0.2159585803552988,0
PollTo21,LB,73,64,4,0.0,26.0,4.0,6.0,392,311.0,81.0,21.0,0.0,1.2603967934678724,-0.9309617527757559,1
PoluPa99,LB,145,140,15,1.0,50.0,8.0,16.0,1214,882.0,332.0,59.0,49.0,8.237430811495233,-2.6575026662132952,2
PopeDe20,LB,55,14,2,0.0,3.0,2.0,2.0,149,104.0,45.0,9.0,1.0,-1.0072448657370634,-0.2372321785924011,0
PopeKe20,LB,2,0,0,0.0,0.0,0.0,0.0,2,1.0,1.0,0.0,0.0,-2.4796826933739218,0.08229813037822566,0
PoppBr20,LB,100,57,2,0.0,10.0,3.0,5.0,308,226.0,82.0,14.0,13.0,0.5746315906210999,-0.2690570906510748,1
PoweRo01,LB,14,0,0,0.0,0.0,0.0,0.0,2,1.0,1.0,0.0,0.0,-2.40082622906554,0.07909900377082658,0
PratGe00,LB,41,33,1,0.0,3.0,1.0,0.0,210,137.0,73.0,14.0,1.0,-0.8421841400745109,-0.4058426812244995,0
PullHa00,LB,46,12,1,0.0,1.0,0.0,0.0,125,84.0,41.0,5.0,1.0,-1.4948875022146768,-0.2869599999201464,0
QuarSh00,LB,20,0,0,0.0,0.0,0.0,0.0,16,7.0,9.0,1.0,0.0,-2.2936619054768097,0.045799517809280765,0
QueePa00,LB,25,25,1,0.0,2.0,3.0,5.0,153,98.0,55.0,15.0,13.0,-0.900473039255554,0.31666153631355,0
RaglRe00,LB,67,44,1,0.0,4.0,2.0,3.5,257,155.0,102.0,15.0,7.0,-0.18924075880913263,-0.24778498501656693,0
RashSa20,LB,45,4,0,0.0,3.0,2.0,1.0,58,41.0,17.0,3.0,0.0,-1.7332381288535015,0.08265365762925422,0
ReddHa00,LB,73,40,0,0.0,15.0,10.0,28.0,296,187.0,109.0,44.0,44.0,1.700491310175321,2.0236108666244768,1
ReedBr00,LB,131,87,1,0.0,11.0,4.0,23.5,288,191.0,97.0,37.0,56.0,1.967253742688952,1.614300901896701,1
ReevJa00,LB,63,7,0,0.0,3.0,3.0,0.5,124,93.0,31.0,5.0,3.0,-1.274635889444042,0.04873562633886806,0
ReilTr00,LB,37,1,0,0.0,0.0,1.0,1.0,43,27.0,16.0,1.0,1.0,-1.997702223922832,0.09709783885480888,0
ReynRo20,LB,33,2,0,0.0,0.0,0.0,0.0,43,26.0,17.0,1.0,0.0,-2.1016494595314823,-0.023252572616005385,0
RiceMo00,LB,5,0,0,0.0,0.0,0.0,0.0,3,2.0,1.0,0.0,0.0,-2.457189142016558,0.0796225154766365,0
RileDu00,LB,79,26,1,0.0,3.0,1.0,0.5,184,111.0,73.0,4.0,2.0,-0.8310060477918979,-0.4029452647107866,0
RileKa20,LB,25,0,0,0.0,1.0,0.0,0.0,18,13.0,5.0,4.0,0.0,-2.202630333608166,0.05910134025082489,0
RilePe00,LB,90,74,3,0.0,27.0,4.0,9.5,503,308.0,195.0,29.0,20.0,2.258925807287686,-0.651475167178254,1
RiveKe99,LB,74,50,2,0.0,7.0,1.0,3.0,291,189.0,102.0,20.0,7.0,0.14335291054109478,-0.4936776070779423,1
RobeEl00,LB,83,52,1,1.0,9.0,4.0,6.5,315,178.0,137.0,26.0,20.0,1.075460164293365,-0.12870805084169812,1
RobiEd00,LB,35,2,0,0.0,1.0,0.0,0.0,28,17.0,11.0,0.0,1.0,-2.124344152712035,0.01461962833954146,0
RobiKe01,LB,58,30,2,0.0,15.0,0.0,1.5,298,190.0,108.0,9.0,10.0,-0.1132894962505338,-0.7399556475241547,0
RogeJu99,LB,32,0,0,0.0,0.0,0.0,0.0,35,24.0,11.0,0.0,0.0,-2.1708904616203277,-0.004408285551703375,0
RogeNi20,LB,56,16,0,0.0,0.0,1.0,2.0,88,71.0,17.0,7.0,0.0,-1.5435220496220095,0.05932133672459976,0
RollBr00,LB,20,13,0,0.0,4.0,1.0,1.0,58,45.0,13.0,6.0,4.0,-1.8017017487050364,0.12182015044860839,0
RussCh00,LB,19,0,0,0.0,0.0,0.0,0.0,5,2.0,3.0,0.0,0.0,-2.3556451217494856,0.06877731416785247,0
RuudBa20,LB,119,78,7,0.0,24.0,7.0,6.0,657,479.0,178.0,22.0,12.0,3.1177096344853186,-1.4469814786986759,1
RyanDe20,LB,140,139,7,0.0,46.0,7.0,13.5,970,735.0,235.0,72.0,34.0,6.1598125887874335,-1.322343909208476,2
RyanJa00,LB,45,27,0,0.0,3.0,1.0,1.0,213,144.0,69.0,15.0,8.0,-0.856870436164145,-0.1135686403721601,0
SanySe20,LB,32,1,0,0.0,0.0,0.0,1.0,41,31.0,10.0,1.0,0.0,-2.118778954668347,0.030370733079663814,0
SchlAn20,LB,17,5,0,0.0,0.0,0.0,0.0,38,21.0,17.0,4.0,1.0,-2.149908633853051,0.03271769329775781,0
SchoJo00,LB,85,73,9,1.0,28.0,10.0,11.0,599,365.0,234.0,21.0,25.0,3.7616438643878185,-1.2684197267714628,1
SeigRi20,LB,9,0,0,0.0,0.0,0.0,0.0,8,4.0,4.0,0.0,0.0,-2.4110275654922866,0.0641351430411304,0
SessCl99,LB,57,41,4,1.0,8.0,5.0,2.5,295,230.0,65.0,21.0,7.0,0.6708551312444975,-0.6333583755739561,1
SewaAd20,LB,43,2,0,0.0,0.0,0.0,0.0,46,40.0,6.0,2.0,1.0,-2.027894758082882,0.015494035237541316,0
ShanSc20,LB,133,105,3,0.0,21.0,6.0,9.0,585,416.0,169.0,27.0,15.0,2.873703764888283,-0.7366791784953985,1
SharDa01,LB,47,21,1,0.0,3.0,2.0,1.0,176,117.0,59.0,6.0,9.0,-0.9731080953612932,-0.11240827693854068,0
ShawTi99,LB,80,3,0,0.0,0.0,3.0,0.0,128,97.0,31.0,4.0,0.0,-1.296328477727854,-0.011437895384345635,0
ShazRy00,LB,46,41,7,0.0,25.0,7.0,7.0,299,202.0,97.0,24.0,18.0,1.3099311296218552,-0.4281721424016635,1
ShemPr00,LB,16,3,0,0.0,0.0,0.0,0.0,60,33.0,27.0,2.0,1.0,-2.116759278883538,-0.03960940517670293,0
ShepKe00,LB,107,63,2,0.0,11.0,1.0,3.0,429,281.0,148.0,25.0,10.0,1.1152461353408607,-0.7961093752602127,1
ShorBr20,LB,100,69,2,0.0,12.0,5.0,9.5,390,286.0,104.0,40.0,1.0,1.4130950876956236,-0.24229338134848558,1
SileBr99,LB,74,16,2,0.0,4.0,1.0,3.0,180,140.0,40.0,16.0,5.0,-0.6887143977558186,-0.1919167937355761,0
SimmIs00,LB,25,16,2,0.0,6.0,4.0,2.5,113,83.0,30.0,6.0,4.0,-1.133017512244616,0.00380776005708347,0
SimoMa20,LB,124,67,1,0.0,16.0,7.0,7.0,435,319.0,116.0,18.0,5.0,1.5402521900314068,-0.3663607155744857,1
SimsEr20,LB,109,87,1,0.0,11.0,6.0,5.5,623,420.0,203.0,26.0,14.0,2.27849517530953,-0.6824081499826206,1
SintCl99,LB,24,1,0,0.0,0.0,0.0,1.0,33,21.0,12.0,2.0,3.0,-2.150483877742885,0.11379568273179874,0
SirmPe20,LB,81,54,4,1.0,12.0,1.0,5.0,349,253.0,96.0,24.0,1.0,1.0098140826650437,-1.1042056146912858,1
SlauT.20,LB,79,32,1,0.0,8.0,4.0,2.0,255,190.0,65.0,20.0,2.0,-0.07600423368633802,-0.22115305463707627,0
SmitAn04,LB,37,0,0,0.0,0.0,1.0,0.0,21,16.0,5.0,1.0,0.0,-2.114065231950127,0.09995938991714146,0
SmitBr96,LB,6,2,0,0.0,0.0,0.0,0.0,6,3.0,3.0,2.0,2.0,-2.3794467256303613,0.12597987906497213,0
SmitCa01,LB,5,0,0,0.0,0.0,0.0,0.0,8,4.0,4.0,0.0,0.0,-2.43731305359508,0.06520151857693009,0
SmitD.00,LB,24,9,1,0.0,5.0,0.0,2.0,83,62.0,21.0,5.0,3.0,-1.680669992245381,-0.1005991967921483,0
SmitDa24,LB,190,183,12,1.0,69.0,15.0,30.5,1088,764.0,324.0,78.0,52.0,9.610647830145176,-1.2090065405857233,2
SmitJa05,LB,72,56,2,0.0,20.0,6.0,9.0,518,319.0,199.0,20.0,15.0,1.7668085328564207,-0.5534060455973216,1
SmitMa02,LB,129,60,6,1.0,23.0,11.0,7.0,498,365.0,133.0,34.0,15.0,3.176426222831971,-0.7413578413003137,1
SmitMa03,LB,53,0,0,0.0,1.0,2.0,6.5,38,25.0,13.0,5.0,13.0,-1.5877442128187091,0.6395959603017527,0
SmitMi22,LB,14,1,0,0.0,0.0,0.0,0.0,6,5.0,1.0,0.0,0.0,-2.3819104421159807,0.07084867554439482,0
SmitRa20,LB,50,9,1,0.0,3.0,0.0,2.5,97,77.0,20.0,6.0,5.0,-1.478043983942627,-0.039753047773731336,0
SmitRo07,LB,53,51,5,1.0,17.0,1.0,14.0,454,307.0,147.0,37.0,16.0,1.840400590709339,-0.7916582593304791,1
SmitTe01,LB,76,69,9,3.0,26.0,5.0,7.5,587,446.0,141.0,52.0,11.0,3.9710459546992984,-1.9964171045951482,2
SpaiMa00,LB,41,7,1,0.0,3.0,0.0,0.0,108,68.0,40.0,4.0,1.0,-1.5849641390435498,-0.28104061593664653,0
SpeeEJ00,LB,36,0,0,0.0,0.0,1.0,0.0,30,22.0,8.0,1.0,0.0,-2.0896427744332744,0.07830165390242744,0
SpeeNi20,LB,16,0,0,0.0,0.0,0.0,0.0,10,9.0,1.0,0.0,0.0,-2.365448002771998,0.06355915000501165,0
SpenCo20,LB,50,0,0,0.0,0.0,0.0,0.0,68,54.0,14.0,2.0,0.0,-1.9291450246412625,-0.060138054206150336,0
SpenSe00,LB,57,27,0,0.0,3.0,2.0,7.0,182,122.0,60.0,11.0,12.0,-0.7361980642315421,0.29058026025022204,0
SpikBr99,LB,78,49,2,0.0,15.0,5.0,2.0,349,212.0,137.0,20.0,7.0,0.7994604261906318,-0.5521625278158844,1
SpitAu99,LB,55,0,0,0.0,0.0,0.0,0.0,31,27.0,4.0,0.0,0.0,-2.0448174408639894,0.008727659635428112,0
SpooBr20,LB,14,14,2,2.0,2.0,0.0,0.0,65,45.0,20.0,7.0,0.0,-1.1199473475273112,-0.70868852936012,0
StarTy00,LB,1,0,0,0.0,0.0,0.0,0.0,1,1.0,0.0,0.0,0.0,-2.4910264713532673,0.0861211677289181,0
SteeMa20,LB,42,11,0,0.0,1.0,1.0,0.0,89,73.0,16.0,2.0,0.0,-1.749678331617246,-0.05998313203043839,0
StevDo21,LB,21,0,0,0.0,0.0,0.0,0.0,23,20.0,3.0,0.0,0.0,-2.292472542653261,0.034479127904643705,0
StewMa21,LB,93,60,1,0.0,8.0,4.0,8.0,299,243.0,56.0,27.0,1.0,0.520612706323569,-0.0551500724816783,1
StewTo01,LB,7,0,0,0.0,0.0,0.0,0.0,2,1.0,1.0,0.0,0.0,-2.4468258332454296,0.08096516095847607,0
StrnJu00,LB,9,5,0,0.0,0.0,0.0,0.0,33,20.0,13.0,0.0,1.0,-2.275869597648507,0.01892555318794502,0
StudAn99,LB,97,9,2,0.0,5.0,3.0,2.5,111,77.0,34.0,3.0,8.0,-0.7996173317789605,-0.003954680449183762,0
StupNa01,LB,87,11,1,0.0,4.0,2.0,2.0,143,114.0,29.0,2.0,3.0,-1.005039193875444,-0.13385010911770262,0
SuggTe99,LB,246,226,7,2.0,63.0,37.0,140.0,898,631.0,267.0,203.0,202.0,15.559506917409019,9.028295369622848,3
SummTy00,LB,41,1,0,0.0,1.0,0.0,0.0,50,35.0,15.0,0.0,0.0,-2.032339628161143,-0.05477042157966182,0
SylvSt99,LB,50,2,0,0.0,0.0,2.0,0.0,34,25.0,9.0,1.0,0.0,-1.9069787072400866,0.1252400993719131,0
TakiSi00,LB,38,17,1,1.0,1.0,0.0,1.0,112,66.0,46.0,4.0,3.0,-1.186332207032713,-0.43284032179723525,0
TatuLo99,LB,84,84,10,2.0,41.0,7.0,8.5,552,410.0,142.0,33.0,17.0,4.0813691254719755,-1.8685682019260206,2
TaumPi00,LB,10,0,0,0.0,0.0,0.0,0.0,5,5.0,0.0,0.0,0.0,-2.4207663820009087,0.07621848977441124,0
TavaJa00,LB,37,16,1,0.0,2.0,3.0,2.0,119,69.0,50.0,7.0,4.0,-1.2282613469721766,0.032112030709808885,0
TaylBe20,LB,49,26,1,0.0,4.0,0.0,0.0,218,157.0,61.0,7.0,0.0,-0.9847974238873451,-0.5478834403465936,0
TaylDa01,LB,19,5,0,0.0,0.0,0.0,0.0,43,24.0,19.0,1.0,0.0,-2.1662685890590416,-0.025122464357135388,0
TaylHi99,LB,16,0,0,0.0,0.0,0.0,1.0,6,5.0,1.0,1.0,3.0,-2.3207005618751233,0.17780301458634,0
TaylSh20,LB,40,2,0,0.0,0.0,0.0,1.0,45,37.0,8.0,5.0,0.0,-1.9997572043649465,0.05537537251376075,0
TeoxMa00,LB,62,48,2,0.0,13.0,1.0,1.5,307,212.0,95.0,22.0,5.0,0.1942485303493978,-0.6620895255383448,1
ThomAd00,LB,135,109,7,3.0,53.0,15.0,53.0,523,411.0,112.0,82.0,49.0,6.957185633839902,1.3130567793962276,2
ThomCh23,LB,98,30,0,0.0,8.0,2.0,11.5,231,166.0,65.0,18.0,10.0,-0.03944082452343378,0.29718572045561337,0
ThomDo21,LB,63,10,0,0.0,2.0,1.0,1.5,146,104.0,42.0,2.0,1.0,-1.353415986299557,-0.15162144814465645,0
ThomJ.02,LB,62,23,2,0.0,5.0,4.0,0.5,159,102.0,57.0,4.0,0.0,-0.7698133456901054,-0.30298177356099293,0
ThomPa20,LB,35,10,0,0.0,3.0,1.0,0.5,81,58.0,23.0,2.0,2.0,-1.7420015788861578,-0.019198989353815255,0
ThomRa23,LB,64,54,0,0.0,7.0,2.0,7.5,345,253.0,92.0,25.0,0.0,0.2087164956743901,-0.2563394200962652,1
ThomRo20,LB,84,50,1,0.0,9.0,4.0,2.0,305,246.0,59.0,26.0,0.0,0.3059695703039892,-0.3250494670813582,1
ThomSh01,LB,92,82,3,0.0,20.0,4.0,10.5,515,332.0,183.0,39.0,26.0,2.388283933770948,-0.33339571834772036,1
ThorDa20,LB,121,102,5,0.0,25.0,10.0,5.0,736,566.0,170.0,35.0,4.0,3.6393995645185266,-1.328207338746865,1
ThurOd20,LB,16,15,5,1.0,9.0,5.0,1.5,105,68.0,37.0,5.0,0.0,-0.5619227174409966,-0.6197594756443955,0
TimmLa99,LB,172,140,12,1.0,46.0,13.0,35.5,1067,737.0,330.0,71.0,86.0,8.772859519560303,-0.1532802695222224,2
TinoPi20,LB,98,95,7,0.0,27.0,10.0,11.0,494,400.0,94.0,51.0,11.0,3.192064913346103,-0.46305704020301197,1
ToomKo00,LB,60,16,1,1.0,5.0,5.0,2.0,136,92.0,44.0,6.0,5.0,-0.5292608824912711,-0.12809668024505336,0
TorbRe20,LB,104,28,2,0.0,13.0,4.0,6.5,250,178.0,72.0,23.0,14.0,0.4712275263312982,0.04967194938808139,1
TownLe20,LB,65,31,1,0.0,5.0,5.0,0.0,237,187.0,50.0,16.0,0.0,-0.36211925589023886,-0.20659080546676606,0
TranDr00,LB,23,6,0,0.0,1.0,0.0,0.5,118,87.0,31.0,7.0,2.0,-1.7747183055184963,-0.09246645199428047,0
TrevDa00,LB,117,94,8,1.0,39.0,7.0,10.0,741,502.0,239.0,30.0,24.0,4.600906314712405,-1.7741142349453902,2
TripJo00,LB,44,3,0,0.0,0.0,0.0,0.0,20,15.0,5.0,0.0,0.0,-2.1222892130707827,0.02837276220658473,0
TripNa99,LB,8,0,0,0.0,0.0,0.0,0.0,4,4.0,0.0,0.0,0.0,-2.4366885613325735,0.0786275107920505,0
TryoJo00,LB,6,3,0,0.0,1.0,0.0,2.0,11,10.0,1.0,2.0,5.0,-2.2800558793597134,0.24268676736556044,0
TuftSe20,LB,15,0,0,0.0,0.0,0.0,0.0,11,9.0,2.0,0.0,0.0,-2.367246968844049,0.060269300422218994,0
TullSt20,LB,159,113,5,0.0,27.0,3.0,14.5,959,683.0,276.0,60.0,36.0,5.177117581124737,-1.187111704484725,2
TuraKe00,LB,31,3,0,0.0,0.0,2.0,9.5,29,19.0,10.0,5.0,24.0,-1.6154160259919974,1.0147953661806426,0
TurnT.21,LB,2,0,0,0.0,0.0,0.0,0.0,3,1.0,2.0,0.0,0.0,-2.4749102874202746,0.0787416869114831,0
TuszDe00,LB,15,0,0,0.0,0.0,0.0,0.0,10,7.0,3.0,1.0,0.0,-2.3551532013271856,0.0684711480294857,0
UcheJo00,LB,17,1,0,0.0,0.0,0.0,4.0,17,15.0,2.0,5.0,11.0,-2.102033727721241,0.4621561593517238,0
UlbrJe20,LB,120,75,2,0.0,13.0,6.0,5.5,501,366.0,135.0,32.0,0.0,1.8667299634585985,-0.6964056208955558,1
UpshCo00,LB,90,56,0,0.0,7.0,5.0,7.0,216,131.0,85.0,20.0,24.0,0.3456514208841803,0.6075690051298188,1
UrlaBr00,LB,182,180,22,2.0,90.0,11.0,41.5,1361,1046.0,315.0,138.0,24.0,12.381683405113767,-3.1121591656511747,2
VallTa00,LB,72,2,0,0.0,1.0,2.0,2.5,75,54.0,21.0,4.0,4.0,-1.4870938517143566,0.20888384991157727,0
VanGAn00,LB,32,19,0,0.0,7.0,4.0,8.5,107,69.0,38.0,15.0,26.0,-0.8043885122034226,0.9294770486578693,0
VanNKy00,LB,110,70,3,0.0,23.0,8.0,25.5,410,273.0,137.0,37.0,49.0,2.7697691591340305,1.1663350484391057,1
VandLe00,LB,43,37,2,0.0,10.0,2.0,2.5,313,205.0,108.0,8.0,4.0,-0.150002621315585,-0.6790396393107501,0
VeikDa99,LB,14,0,0,0.0,0.0,0.0,0.0,5,3.0,2.0,0.0,0.0,-2.390494952551357,0.07179089380460528,0
VernOl00,LB,127,108,1,0.0,5.0,9.0,63.5,389,279.0,110.0,87.0,157.0,4.786719220849183,5.728551920481143,3
VigiNi00,LB,77,46,3,1.0,16.0,2.0,5.0,387,232.0,155.0,17.0,8.0,1.1797528263530561,-1.0690589462940965,1
VilmJo99,LB,125,121,12,2.0,40.0,11.0,10.5,879,617.0,262.0,43.0,30.0,6.460019344971704,-2.240768685668856,2
VoboDa99,LB,40,16,0,0.0,2.0,1.0,2.0,98,75.0,23.0,6.0,3.0,-1.5516626404075513,0.06366663647428858,0
WagnBo00,LB,143,142,10,1.0,57.0,5.0,23.5,1306,778.0,528.0,67.0,78.0,8.909263763935627,-1.998685221795634,2
WalkAn01,LB,63,54,3,0.0,13.0,1.0,4.5,400,266.0,134.0,21.0,7.0,0.7240758847156317,-0.8613023857912602,1
WalkJo01,LB,58,14,0,0.0,1.0,1.0,0.0,91,59.0,32.0,5.0,1.0,-1.536310023380522,-0.052564466623299125,0
WalkMy00,LB,24,6,0,0.0,2.0,1.0,0.0,52,32.0,20.0,1.0,2.0,-1.975263443252084,0.031964861546411365,0
WallAa00,LB,13,0,0,0.0,0.0,0.0,1.0,17,12.0,5.0,1.0,2.0,-2.31061412780998,0.1306994801423452,0
WallGa00,LB,6,0,0,0.0,0.0,0.0,0.0,3,2.0,1.0,0.0,0.0,-2.45061776999086,0.07935592159268655,0
WallRi20,LB,16,0,1,1.0,1.0,0.0,0.0,11,7.0,4.0,0.0,0.0,-1.9224027806605708,-0.28499195545142686,0
WareDe99,LB,178,173,3,1.0,25.0,35.0,138.5,657,505.0,152.0,171.0,229.0,11.972718314030047,10.946880128938478,3
WarnFr00,LB,56,56,3,1.0,23.0,5.0,4.0,441,298.0,143.0,19.0,14.0,1.6468932878726181,-0.952303285489009,1
WashCo00,LB,46,4,0,0.0,4.0,0.0,5.5,54,36.0,18.0,8.0,17.0,-1.5493192531751534,0.5094057308554196,0
WashDa99,LB,59,53,6,0.0,24.0,3.0,18.0,394,329.0,65.0,46.0,33.0,1.9328193441642634,0.19314872623688334,1
WashMa99,LB,131,113,3,1.0,30.0,17.0,37.5,646,471.0,175.0,64.0,14.0,5.255641596408267,0.7994311184868435,2
WateAn00,LB,20,0,0,0.0,0.0,0.0,0.0,14,13.0,1.0,0.0,0.0,-2.3280447735481316,0.05498944147025443,0
WatsCo20,LB,21,14,0,0.0,4.0,0.0,3.0,94,68.0,26.0,4.0,0.0,-1.75056386819065,-0.0539325919305363,0
WatsDe99,LB,117,8,1,0.0,4.0,4.0,6.0,167,131.0,36.0,10.0,14.0,-0.3604822824533193,0.36474809271174874,0
WattBr00,LB,9,0,0,0.0,0.0,0.0,0.0,8,7.0,1.0,0.0,0.0,-2.4170064775124236,0.06917697369213992,0
WattT.00,LB,69,69,4,0.0,29.0,20.0,61.0,264,194.0,70.0,70.0,129.0,4.633060385255769,5.3524824908130135,3
WeatSe99,LB,67,44,2,1.0,15.0,1.0,8.0,330,244.0,86.0,25.0,16.0,0.8564511332315242,-0.4524631115377481,1
WeatSt00,LB,72,17,0,0.0,1.0,2.0,7.0,104,66.0,38.0,17.0,22.0,-0.8554107047251402,0.7555582772352905,0
WebsNa20,LB,99,37,0,0.0,10.0,3.0,4.0,351,244.0,107.0,21.0,2.0,0.38786380196261255,-0.3859156194145643,1
WernPe00,LB,4,3,0,0.0,0.0,0.0,0.0,25,15.0,10.0,1.0,0.0,-2.348401832206731,0.02926092480539927,0
WestEr20,LB,44,4,0,0.0,3.0,1.0,2.0,81,63.0,18.0,6.0,0.0,-1.6804572897788674,0.03786043532583684,0
WheePh99,LB,133,66,0,0.0,15.0,4.0,6.5,552,377.0,175.0,25.0,23.0,1.9803579016700894,-0.352155394850753,1
WhitCh03,LB,51,0,0,0.0,0.0,1.0,0.0,35,26.0,9.0,0.0,0.0,-1.988062279096831,0.055236344602948115,0
WhitDe02,LB,36,36,1,0.0,9.0,4.0,11.5,292,198.0,94.0,20.0,30.0,0.25918569860010027,0.5845218805327277,1
WhitKe20,LB,12,0,0,0.0,0.0,0.0,0.0,4,3.0,1.0,0.0,0.0,-2.4084101025564006,0.07588052503924768,0
WhitTa00,LB,139,95,6,0.0,25.0,3.0,3.0,684,490.0,194.0,38.0,13.0,3.3419354171148967,-1.6640926653780692,1
WilbKy00,LB,133,17,0,0.0,4.0,3.0,3.5,153,104.0,49.0,6.0,7.0,-0.5001257879746117,0.12707289600285876,0
WilhMa20,LB,89,22,6,0.0,12.0,1.0,2.0,243,187.0,56.0,7.0,3.0,0.030633100367397803,-0.9899031377072034,1
WilkGe20,LB,58,7,0,0.0,2.0,2.0,0.0,73,54.0,19.0,5.0,0.0,-1.5916748357290569,0.03672355908953381,0
WillAn01,LB,14,3,0,0.0,0.0,0.0,0.0,27,17.0,10.0,2.0,1.0,-2.255503888631229,0.05139665352165053,0
WillAv00,LB,104,89,4,0.0,17.0,5.0,16.5,659,429.0,230.0,32.0,29.0,3.1337188556716695,-0.46319592408535637,1
WillD.20,LB,145,129,2,0.0,37.0,13.0,22.5,899,678.0,221.0,75.0,30.0,5.791101102219425,0.08965835947686301,2
WillDe22,LB,138,68,7,2.0,19.0,6.0,7.5,620,480.0,140.0,38.0,9.0,3.6731812956746612,-1.6496535733460835,1
WillJa02,LB,51,22,0,0.0,17.0,1.0,2.0,242,173.0,69.0,9.0,4.0,-0.5640827122863129,-0.4319471858168057,0
WillJa12,LB,9,0,0,0.0,0.0,0.0,0.0,2,1.0,1.0,0.0,0.0,-2.433683089194033,0.08043197319057623,0
WillJa21,LB,54,3,0,0.0,5.0,1.0,1.0,89,70.0,19.0,3.0,2.0,-1.5923191505254128,-0.02547773029070735,0
WillJa95,LB,63,4,0,0.0,2.0,2.0,0.0,72,51.0,21.0,2.0,1.0,-1.6109011827565665,0.03267302392504734,0
WillJo09,LB,59,2,0,0.0,1.0,1.0,8.0,82,51.0,31.0,12.0,19.0,-1.268752589278001,0.6973333628873429,0
WillLe20,LB,61,12,0,0.0,6.0,1.0,5.0,173,129.0,44.0,8.0,10.0,-0.9695327983516331,0.10677396382157513,0
WillPa98,LB,112,112,8,2.0,53.0,16.0,20.5,950,733.0,217.0,60.0,41.0,7.148240720513286,-1.0136106272094556,2
WillTh99,LB,15,2,0,0.0,2.0,1.0,0.0,14,12.0,2.0,1.0,0.0,-2.224580228836788,0.09779141584661352,0
WillTi00,LB,24,0,0,0.0,0.0,0.0,2.0,20,15.0,5.0,3.0,5.0,-2.161245315544792,0.23688660382657922,0
WillVi01,LB,121,69,2,1.0,5.0,0.0,20.5,479,333.0,146.0,50.0,45.0,2.443526286473724,0.456032460978691,1
WilsAn20,LB,16,1,0,0.0,1.0,0.0,0.0,20,14.0,6.0,1.0,0.0,-2.285063491148308,0.03130153953882672,0
WilsDa02,LB,101,59,0,0.0,5.0,3.0,4.0,335,219.0,116.0,16.0,13.0,0.46808935466522394,-0.14023489957490298,1
WilsLo00,LB,21,11,6,0.0,7.0,1.0,2.0,111,65.0,46.0,8.0,3.0,-0.9856687706082558,-0.629355809232074,0
WilsMa01,LB,41,1,0,0.0,2.0,2.0,5.0,33,25.0,8.0,3.0,11.0,-1.7290927210681946,0.5347271168254841,0
WilsMa03,LB,38,25,1,0.0,9.0,1.0,1.0,149,97.0,52.0,5.0,2.0,-1.0944257744936232,-0.3379025654710073,0
WilsRa00,LB,46,21,1,0.0,5.0,2.0,0.0,147,114.0,33.0,15.0,10.0,-0.9602886512623849,0.016754186453999315,0
WinbJa20,LB,103,37,3,0.0,29.0,4.0,10.0,370,289.0,81.0,25.0,3.0,1.3110432686494784,-0.5737120599481502,1
WithWi20,LB,195,159,14,3.0,76.0,11.0,26.0,983,783.0,200.0,66.0,34.0,9.260511085203351,-2.410336673836167,2
WortCo20,LB,8,0,0,0.0,0.0,0.0,0.0,4,2.0,2.0,0.0,0.0,-2.4327026199858155,0.07526629035804415,0
WrigK.00,LB,152,142,6,0.0,54.0,11.0,13.5,963,603.0,360.0,68.0,27.0,6.717004549476434,-1.4551988719230753,2
WrigSc00,LB,13,0,0,0.0,0.0,0.0,0.0,7,5.0,2.0,0.0,0.0,-2.3915074540165184,0.06830582118907645,0
YounKe03,LB,62,28,1,1.0,5.0,4.0,7.5,219,142.0,77.0,22.0,15.0,0.1976191708793884,0.1274920689632566,1
