player_id,position,games,gamestarts,targets,rec,rec_yds,rec_yds_per_rec,rec_td,rec_per_g,rec_yds_per_g,rec_yds_per_tgt,rush_att,rush_yds,rush_td,rush_yds_per_att,Component_1,Component_2,Component_3,Component_4,kmeans_pca_cluster
AbduAm00,RB,89,22,130,94,675,7.7,6,1.15,9.4125,6.074999999999999,381,1499,6,4.0625,18.612499999999997,0.3637093243828193,0.542231068088419,0.14106826719008403,1
AddaJo00,RB,78,60,248,191,1448,7.416666666666667,9,2.4,17.916666666666668,5.616666666666667,1095,4453,39,4.033333333333333,56.26666666666666,3.757282535486166,-0.050986598404116644,-0.010216994196033256,3
AjayJa00,RB,52,24,101,73,510,6.366666666666667,2,1.1666666666666667,8.233333333333334,4.483333333333333,642,2954,14,4.3,47.050000000000004,0.31780370071467584,-0.23628839637502208,-0.8542261372469812,1
AkerCa00,RB,13,5,14,11,123,11.2,1,0.8,9.5,8.8,145,625,2,4.3,48.1,-0.9245288379082327,2.4742362327071863,-1.7336354267604563,1
AlexSh00,RB,123,96,316,215,1520,6.866666666666666,12,1.5888888888888888,11.066666666666666,4.733333333333333,2187,9453,100,4.088888888888889,71.03333333333333,6.490552674938378,-2.7887098549348015,-1.93703673051396,0
AlleAn01,RB,21,0,4,2,12,3.0,0,0.05,0.4,1.5,19,69,1,3.25,2.7,-3.1156301270618796,-1.3932749507930624,0.4186017729476172,2
AlleJa01,RB,64,6,171,130,823,6.5600000000000005,6,1.7399999999999998,10.9,4.56,350,1285,9,3.56,16.96,0.28649165309779695,0.3191270535760181,1.0630951540337659,1
AndeMi00,RB,98,51,122,92,727,7.3,5,0.9142857142857144,7.114285714285714,5.728571428571428,919,4067,37,4.314285714285714,38.457142857142856,1.7262520230490133,-0.7225673225148121,-1.3486635430182607,3
ArmsRy00,RB,16,1,24,14,144,10.3,2,0.9,9.0,6.0,35,108,0,3.1,6.8,-1.7844031896499768,1.5941097440208065,-0.14117911268579011,1
ArriJ.00,RB,58,8,123,91,693,7.5,2,1.65,12.8,5.625,183,654,3,3.425,11.95,-0.40889397478346784,0.950756865945328,0.6194762090670215,1
ArtiCa00,RB,32,3,11,10,86,7.4,0,0.35000000000000003,3.4749999999999996,7.1,118,491,5,4.25,22.275000000000002,-1.7708106874806602,0.8866207883172382,-1.1703580028793823,1
BakeEd01,RB,6,2,9,8,57,3.55,0,1.35,9.5,3.15,44,173,2,3.0,28.85,-2.1327791979995108,-0.18380242669957042,0.443847288923287,2
BallKa00,RB,51,10,101,73,386,4.68,0,1.44,7.5600000000000005,3.38,296,931,10,3.0799999999999996,18.5,-1.0076559722588967,-0.5311352914613726,0.4435506957301309,1
BallMo00,RB,21,3,40,29,207,7.1,0,1.55,10.75,5.1,175,731,5,3.9000000000000004,34.65,-1.1257901251238864,0.9482466680131367,-0.3784684120479697,1
BallVi00,RB,17,13,29,18,147,1.9500000000000002,1,1.05,2.25,1.5499999999999998,224,877,2,4.35,56.95,-1.6038646929132636,-1.2524469390210826,-0.25813469477382484,2
BarbMa01,RB,99,42,233,179,1330,7.471428571428571,6,1.7285714285714284,12.785714285714286,5.357142857142857,1156,4780,53,4.085714285714285,47.357142857142854,3.289967258804959,-0.6881579661611614,-0.7018021679744453,3
BarkSa00,RB,36,36,223,163,1349,8.9,7,3.875,33.7,6.3,551,2539,19,3.75,53.724999999999994,3.085205761008673,2.318443107624186,1.21023856608191,3
BarlKe00,RB,84,33,190,144,1164,7.766666666666666,3,1.7,13.566666666666665,5.800000000000001,1022,3984,30,3.9000000000000004,46.71666666666667,2.218714240848033,-0.03947503375603406,-0.6989890134731456,3
BarnKe00,RB,78,1,44,28,152,4.0249999999999995,0,0.3125,1.5625,2.5875000000000004,119,487,3,3.55,6.4625,-2.115204108940822,-1.1678824882718342,0.16913777777613198,2
BatcBa00,RB,12,0,5,4,31,7.8,0,0.3,2.6,6.2,25,49,1,2.0,4.1,-2.6606446213035184,0.593222290240857,-0.22248078481567451,1
BawdNi00,RB,10,2,6,4,17,4.3,0,0.4,1.7,2.8,0,0,0,0.0,0.0,-3.3292148852626138,-1.126917702380956,1.092277680167185,2
BellLe00,RB,95,83,501,398,3297,7.6000000000000005,8,3.5888888888888886,29.36666666666666,6.3999999999999995,1606,6610,42,3.9777777777777774,63.53333333333334,7.1462224554872895,0.09486320874067113,1.1877691089961704,0
BellTa00,RB,54,22,101,71,419,7.360000000000001,0,1.52,8.42,5.18,569,2773,16,4.96,48.1,0.3995749095678663,0.32187202854457136,-1.2920824620390432,1
BenjEn00,RB,3,0,0,0,0,0.0,0,0.0,0.0,0.0,11,46,1,4.2,15.3,-3.2630065464246085,-2.092614445415341,0.47505110385932986,2
BennMi00,RB,115,51,200,164,1348,7.836363636363635,7,1.236363636363636,10.536363636363635,6.336363636363637,883,3892,14,4.181818181818182,28.900000000000002,2.2996215428941618,-0.1234316148974006,-0.16101785583577677,3
BensCe00,RB,96,71,162,120,833,6.45,1,1.3375000000000001,9.375,4.9625,1600,6017,32,3.775,60.4,2.6434516628045115,-1.4748484943173554,-1.8708372667170008,3
BernGi00,RB,122,30,480,362,2976,7.955555555555557,14,3.011111111111111,24.1,6.000000000000001,927,3748,22,4.422222222222222,29.455555555555552,5.317895081067479,0.7878978801264437,2.648927605605617,0
BestJa00,RB,22,15,120,85,774,9.5,3,4.05,39.099999999999994,6.65,255,945,6,3.9,49.85,1.6189288058680908,3.4211629392420884,1.0229386616539238,3
BettLa00,RB,111,14,265,188,1646,9.033333333333335,3,1.711111111111111,15.055555555555555,6.266666666666667,821,3326,15,3.855555555555556,28.466666666666665,2.2144428114183583,0.5991734542612567,0.21282859934703086,3
BlayDe00,RB,51,8,81,53,520,8.559999999999999,2,1.02,9.08,5.4399999999999995,198,820,10,3.8200000000000003,15.3,-0.7256439742376888,0.8115834028897585,-0.18962576945129764,1
BlueAl00,RB,73,16,86,69,470,6.7,2,0.9200000000000002,6.26,5.46,673,2407,8,3.62,32.32,-0.11372354435624873,-0.14204320101181947,-0.6593946035572369,1
BohaTo00,RB,68,30,46,29,239,9.860000000000001,1,0.4600000000000001,4.119999999999999,6.959999999999999,26,72,2,1.72,1.02,-1.5538113470770152,0.7324397584006328,-0.261452430253258,1
BookDe00,RB,85,11,187,142,1117,7.8999999999999995,2,1.7666666666666666,14.0,5.966666666666666,467,1841,11,4.233333333333333,23.183333333333334,0.9514509826440174,0.8265489817014111,0.22818487628938486,3
BookLo00,RB,36,2,66,47,362,6.750000000000001,0,1.5999999999999999,12.125,4.725,61,230,0,2.8,6.675,-1.4951555686160314,0.7423280223386775,0.7069255561713914,1
BradAh00,RB,103,36,243,187,1493,7.766666666666666,12,1.8888888888888884,14.633333333333333,5.777777777777778,1083,4928,36,4.811111111111111,46.077777777777776,3.646729085810584,-0.03197274386177988,0.03440808096593675,3
BradAl00,RB,20,0,0,0,0,0.0,0,0.0,0.0,0.0,5,13,0,0.43333333333333335,2.1666666666666665,-3.758552222423401,-2.7200313888494354,1.5569464182491959,2
BrigGa00,RB,6,0,1,1,6,6.0,0,0.2,1.0,6.0,1,4,0,4.0,0.7,-2.7459103371076443,0.4635748627449841,-0.4976789580780594,1
BrowAa00,RB,22,2,29,18,138,7.966666666666666,1,0.9666666666666667,7.366666666666667,6.033333333333334,45,189,0,2.766666666666667,6.133333333333333,-1.9605085372420687,1.0076091528465547,0.051301974888284176,1
BrowAn03,RB,25,10,46,32,189,3.1,0,0.925,5.375,2.175,216,875,11,1.9500000000000002,24.85,-1.9104512725895055,-1.3193568055234821,0.528886247287508,2
BrowBr02,RB,42,7,59,37,316,6.45,0,0.8999999999999999,8.475000000000001,4.1,251,1076,7,3.875,24.225,-1.1823486117314899,0.09963286208301139,-0.30885266100805364,1
BrowCh03,RB,68,33,130,90,741,6.900000000000001,2,1.2166666666666668,9.583333333333334,5.016666666666667,722,3024,19,4.05,43.76666666666667,0.8584511910710237,-0.23066059279292928,-0.81963455112647,3
BrowDe02,RB,43,3,37,21,114,3.56,2,0.34,1.8599999999999999,3.06,119,405,4,1.78,5.98,-2.44225943316449,-1.2248764998613266,0.7446503012103299,2
BrowDo00,RB,89,25,163,120,1066,9.657142857142858,2,1.3000000000000003,12.042857142857144,7.014285714285714,695,2829,18,4.0,31.342857142857145,1.3391074330909436,0.8170905806254457,-0.7700034191269294,3
BrowRo05,RB,139,74,321,250,2005,7.3999999999999995,2,1.9181818181818182,15.863636363636363,5.636363636363637,1295,5450,38,4.090909090909091,40.71818181818182,4.248783435663349,-0.9216570572394388,-0.45831116585379317,3
BuckCo00,RB,103,23,193,144,1410,10.014285714285716,6,1.4285714285714286,13.714285714285714,7.357142857142857,655,2944,21,4.3999999999999995,28.75714285714286,2.070417034884227,1.0632512878340936,-0.29776326724654817,3
BurkRe00,RB,91,9,180,135,1182,7.6000000000000005,8,1.3888888888888888,11.966666666666665,5.566666666666666,347,1430,15,3.2000000000000006,14.299999999999999,0.8447774062997129,0.4240730866333214,1.083441568399843,3
BushMi00,RB,89,20,139,104,1010,9.666666666666666,2,1.1666666666666667,11.166666666666666,6.8999999999999995,809,3250,29,3.966666666666667,36.24999999999999,1.4269819433410085,0.5698911326126266,-1.173463510884267,3
BushRe00,RB,134,96,662,477,3598,7.672727272727272,18,3.4909090909090916,25.718181818181815,5.3909090909090915,1286,5490,36,3.8000000000000003,37.190909090909095,7.903025904875276,-0.30582191160935346,3.2176085111209987,0
CalhBr00,RB,11,0,7,7,55,8.5,0,0.8,5.8500000000000005,8.5,14,54,0,3.85,5.75,-2.0597345067795523,1.810514206620959,-0.771902296602935,1
CaniTr00,RB,46,13,47,32,260,7.0,1,0.65,4.825,4.475,240,1095,7,3.675,21.775,-1.2807337675325317,0.004278265298620095,-0.4906714145428938,1
CannTr00,RB,49,0,28,20,160,2.7600000000000002,0,0.26,2.02,2.2199999999999998,52,149,1,1.3199999999999998,1.98,-2.8588980741180747,-1.5998137816952396,0.9997315262653521,2
CareKa00,RB,37,1,16,13,131,9.566666666666666,1,0.3666666666666667,3.4666666666666663,7.900000000000001,111,443,2,4.000000000000001,12.1,-1.7010153570564566,1.4751536883212768,-1.1049968645067072,1
CarsCh00,RB,49,48,131,107,804,7.279999999999999,7,2.06,15.059999999999999,6.18,769,3502,24,4.48,66.2,2.1454319353883657,0.5582121709967574,-0.7406174257267991,3
CartDe01,RB,27,3,10,6,31,5.533333333333334,0,0.13333333333333333,0.8000000000000002,2.9333333333333336,133,499,5,2.5,11.933333333333332,-2.5921021415145913,-0.8281900600082397,-0.07246191779149118,2
CartMi03,RB,5,3,14,9,64,7.1,0,1.8,12.8,4.6,47,165,2,3.5,33.0,-1.535263973627974,1.1460184553307522,-0.04702470980396312,1
ChapDo00,RB,26,3,21,17,143,5.466666666666666,1,0.43333333333333335,3.466666666666667,5.033333333333333,90,317,0,4.233333333333333,11.766666666666666,-2.1063646177708124,0.17525705146524187,-0.3076622965581894,1
ChapSh00,RB,6,1,3,2,15,7.5,0,0.3,2.5,6.0,0,0,0,0.0,0.0,-3.0435932552092124,0.23423406860676566,0.372736922921898,2
CharJa00,RB,119,69,439,310,2593,7.1,20,2.436363636363636,18.527272727272727,5.027272727272727,1407,7563,44,4.881818181818181,53.62727272727273,6.547396937688285,-0.7821986373445329,1.2910252430566613,0
ChoiTa00,RB,91,4,123,82,579,5.828571428571429,0,0.8142857142857143,5.671428571428572,4.142857142857143,383,1623,10,4.114285714285714,17.185714285714287,-0.547250332990564,-0.48504322140773587,-0.19332069360085247,1
ChubNi00,RB,51,44,104,80,646,8.3,2,1.5,12.275,6.925000000000001,800,4278,34,5.449999999999999,86.9,2.1097806898838933,0.6098084059771605,-2.4818694395198353,3
CobbCe00,RB,5,0,0,0,0,0.0,0,0.0,0.0,0.0,25,59,0,2.65,10.6,-3.4877612254805275,-2.3299601209039826,0.9121199234775175,2
CobbDa00,RB,7,1,2,1,-2,-2.0,0,0.1,-0.3,-1.0,52,146,1,2.8,20.9,-3.4274473996204513,-2.9334577763039205,1.0317673803826617,2
CoffGl00,RB,14,2,18,11,76,6.9,0,0.8,5.4,4.2,83,226,1,2.7,16.1,-2.2405090543945514,0.2664509107220333,-0.015356549981587581,1
CoheTa00,RB,51,22,275,209,1575,7.375,9,3.6500000000000004,27.400000000000002,5.5,264,1101,5,4.3500000000000005,22.225,2.329721883324589,1.9941284208775962,2.4543316508893716,3
ColeTe01,RB,82,33,172,119,1241,9.414285714285715,12,1.2714285714285716,13.185714285714285,6.328571428571428,714,3010,24,3.871428571428571,32.628571428571426,2.1192017687363705,0.6258413068638689,0.18646955241102592,3
CollAl00,RB,46,27,77,56,445,7.5,1,1.04,8.24,5.82,449,1890,18,4.12,37.3,-0.0743202447339149,0.34267140895797416,-1.0489600229750982,1
ConnJa00,RB,59,33,163,134,1074,6.720000000000001,5,2.2800000000000002,18.42,5.94,647,2756,32,4.24,47.480000000000004,2.038814535656008,0.5736480388046696,-0.0659999093516103,3
ConnJo00,RB,65,22,26,12,84,5.283333333333333,1,0.15,1.0833333333333333,3.0999999999999996,27,108,2,2.033333333333333,1.2166666666666666,-2.3599040487041094,-1.0896021712563695,0.3492033642108968,2
CookDa01,RB,49,48,205,163,1360,7.9,3,3.1599999999999997,25.46,6.08,884,4215,35,4.74,85.8,3.600740363309614,1.1029630655518006,-0.7426308976345024,3
CoxxCh01,RB,21,6,2,2,9,2.25,0,0.15,0.55,2.25,0,0,0,0.0,0.0,-3.4742747525145647,-1.8291649372921055,1.2253570532315725,2
CoxxMi00,RB,18,1,6,5,21,4.25,0,0.35,1.5999999999999999,3.5,26,76,0,5.15,5.7,-2.588765998542483,-0.2741834025923336,-0.30967503835366184,2
CramCa00,RB,29,3,5,4,11,1.8333333333333333,1,0.10000000000000002,0.26666666666666666,1.8333333333333333,0,0,0,0.0,0.0,-3.4439273068022556,-2.03426632401721,1.4038749702198474,2
DImpRy00,RB,12,1,6,2,7,3.5,0,0.2,0.6,1.2,0,0,0,0.0,0.0,-3.5413382583010673,-1.7431006812893248,1.2810161747835678,2
DallDe00,RB,20,2,28,25,181,7.65,1,1.2,9.05,7.2,44,143,2,3.35,6.7,-1.6935335653157662,1.4208346265584637,-0.08731419701729196,1
DarbKe00,RB,41,1,61,49,356,7.25,1,1.4249999999999998,11.175,5.675,95,408,2,4.4,10.025,-1.1299056026723415,1.151591758976079,0.06999308036103963,1
DaveNa00,RB,77,3,77,54,538,7.412499999999999,3,0.6125,5.7875,5.85,396,1824,13,4.1,20.175,-0.4388011271150535,0.22476566963201305,-0.5822695992862116,1
DaviDo01,RB,40,36,200,154,1276,8.233333333333334,5,3.8000000000000003,31.633333333333336,6.3999999999999995,770,3195,23,4.133333333333333,80.5,3.378344656018964,1.981359649663062,0.23928652450621196,3
DaviJa03,RB,12,0,15,12,95,7.966666666666668,0,1.3,7.966666666666666,6.333333333333333,43,126,0,2.766666666666667,11.033333333333333,-1.9997081639484355,1.2595383851427948,-0.06652012634836772,1
DaviKn00,RB,66,2,55,37,292,8.0,1,0.5199999999999999,4.04,5.34,263,828,11,2.6,10.84,-1.378154818193404,0.10462763322669713,-0.3041427006298683,1
DaviMi01,RB,77,28,196,156,940,5.75,4,1.8624999999999998,11.212499999999999,4.35,507,1827,12,2.9875,21.6125,0.7838969953162683,-0.3036719776129136,0.9620148594246025,3
DayeMa00,RB,16,0,5,4,29,7.3,0,0.3,1.8,5.8,5,13,0,2.6,0.8,-2.7045843594665184,0.4663969188698322,-0.21786049879491617,1
DaynRo00,RB,96,28,77,57,340,5.9142857142857155,0,0.6285714285714284,3.685714285714286,4.285714285714286,983,3722,28,3.8857142857142852,38.98571428571428,0.37681014039653055,-1.3405319826556774,-1.5835888848216797,1
DillAJ00,RB,20,0,18,16,155,10.05,1,0.9,8.4,9.45,122,597,2,5.0,30.7,-1.061958403139715,2.4902176938072262,-1.5521470503172639,1
DixoAn00,RB,96,2,25,23,140,5.266666666666667,0,0.25,1.4833333333333334,4.983333333333333,274,934,11,3.0499999999999994,9.733333333333334,-1.6565640554036924,-0.7431143460295853,-0.4700628865160376,2
DixoKe00,RB,18,0,48,36,213,6.95,1,1.75,11.0,5.65,148,715,4,4.949999999999999,43.65,-0.8027081515351717,1.335322087651969,-0.5909030322314263,1
DobbJK00,RB,15,1,24,18,120,6.7,0,1.2,8.0,5.0,134,805,9,6.0,53.7,-0.9686101040273697,0.9845201559905382,-1.376718676246736,1
DrakKe00,RB,91,41,294,215,1675,7.514285714285714,7,2.557142857142857,20.342857142857145,5.6000000000000005,788,3494,29,4.4714285714285715,37.114285714285714,3.3402922816579608,0.4800618888439686,0.7190289521259361,3
DrewMa00,RB,126,71,465,346,2944,8.2,11,2.666666666666666,22.244444444444447,6.066666666666666,1847,8167,68,4.277777777777778,63.766666666666666,7.339617227890973,-0.8593081432776345,0.09275688716468164,0
DrouRe00,RB,114,51,172,123,989,6.9875,6,1.0,8.100000000000001,4.95,929,3602,19,2.825,29.425,1.5911681015955093,-0.9844983968780239,-0.1151650345038774,3
DuckT.00,RB,93,14,44,35,303,7.471428571428571,0,0.3714285714285714,3.2571428571428576,6.057142857142857,717,2814,44,3.914285714285714,29.885714285714283,0.06882943413268026,-0.6054361762876556,-1.965438271786284,1
DwyeJo00,RB,38,6,40,29,184,4.779999999999999,0,0.6,3.4799999999999995,3.7399999999999998,246,1022,3,4.4,26.419999999999998,-1.638927623791766,-0.4130931707328942,-0.501004698175604,1
EcheAd00,RB,21,0,6,5,36,2.7600000000000002,0,0.2,1.5,2.3600000000000003,28,110,0,1.48,3.1399999999999997,-3.1959046369355786,-1.4169125380145713,0.8387640649414244,2
EdmoCh00,RB,54,13,148,115,821,7.15,5,2.2,15.75,5.3,293,1389,8,4.725,28.025,0.6893409588061502,1.1255711040453242,0.5808455758619246,3
EdwaCl00,RB,18,18,64,44,358,7.95,3,2.2,17.5,5.8,246,1107,4,4.550000000000001,61.3,0.20208738470876195,1.7147370894826672,-0.4687498204214195,1
ElliAn00,RB,69,19,232,157,1440,9.433333333333334,3,2.25,21.083333333333332,6.283333333333334,423,1754,10,3.533333333333333,23.083333333333332,1.5364350243839244,1.5361784808536834,0.8383319229074625,3
ElliEz00,RB,79,79,343,264,2110,8.333333333333334,11,3.266666666666667,26.13333333333333,6.400000000000001,1541,7006,51,4.550000000000001,88.41666666666667,6.377344494114851,0.2698775850918487,-0.3010694452275912,0
ElliRh00,RB,113,74,172,118,1189,10.0,7,1.0625,10.687499999999998,6.65,1,1,1,0.125,0.0125,0.4594970992438394,0.37788055011777977,1.489306459372761,3
ErviTy00,RB,49,0,38,27,186,5.933333333333334,0,0.6999999999999998,4.416666666666667,4.533333333333332,19,92,0,3.533333333333333,2.1166666666666667,-2.1222801356629306,0.09382152276516471,0.1321741776354281,1
EvanCh02,RB,6,0,8,8,104,13.0,1,1.3,17.3,13.0,4,18,0,4.5,3.0,-1.0475218947387819,4.40916730071608,-1.2984045135289561,1
EvanDa02,RB,6,0,6,4,38,9.5,1,1.2,8.2,6.15,16,61,0,3.7,8.9,-1.927793441592297,1.6852059011506477,-0.3432256306616179,1
EwinBr00,RB,2,2,2,2,29,14.5,0,1.0,14.5,14.5,0,0,0,0.0,0.0,-1.7232289236813334,4.171286763935637,-0.8353096507277382,1
FasoCi00,RB,18,0,5,3,19,3.15,0,0.3,1.9,1.9,50,161,5,3.7,12.3,-2.7465359739900093,-1.1206911799237647,0.1521399530611973,2
FeltDe00,RB,7,0,12,11,111,10.1,1,1.6,15.9,9.3,2,13,0,6.5,1.9,-1.117210250324034,3.3399237283317578,-0.9515118025863738,1
FiamTo00,RB,51,24,24,12,130,6.82,0,0.2,1.98,4.14,11,26,0,0.82,0.4,-2.49690873764835,-0.6209010805403584,0.36517509452887426,2
FlemTr00,RB,29,2,43,29,233,7.75,3,1.0,7.800000000000001,5.25,7,40,0,2.85,1.25,-1.8171719986152346,0.8303484319806738,0.5189507980628281,1
ForeDO00,RB,18,1,11,9,116,8.2,2,0.7000000000000001,9.275,7.35,112,450,2,3.55,19.125,-1.6096528147476454,1.452972667305589,-0.5577027378900261,1
ForsBr00,RB,16,2,5,3,37,6.15,0,0.15,2.05,3.7,69,244,2,3.3,14.399999999999999,-2.560536767756686,-0.22581036137760715,-0.32294285706979436,2
ForsJu00,RB,125,40,304,221,1387,5.839999999999999,1,1.9799999999999998,11.030000000000001,4.140000000000001,851,3988,19,4.0200000000000005,31.549999999999994,2.3860731175893846,-0.9376968701681139,0.2779351536392703,3
FortMa00,RB,146,137,724,554,4672,8.510000000000002,21,3.75,31.759999999999998,6.460000000000001,2356,9796,54,4.130000000000001,66.59,11.279919220948193,-0.8557103225979292,2.323790896210163,0
FostDe00,RB,79,42,195,142,1129,7.983333333333333,5,1.8999999999999997,14.950000000000001,6.1000000000000005,927,3570,11,3.8333333333333335,47.75,2.1289405125992937,0.4336143204230682,-0.21621862919611712,3
FourLe00,RB,57,46,260,200,1481,7.640000000000001,2,3.46,25.78,5.9399999999999995,864,3437,27,3.9200000000000004,58.959999999999994,3.2918673823824784,1.070189730736991,0.28190761786009505,3
FranJo01,RB,11,0,5,4,30,7.5,0,0.4,2.7,6.0,19,107,1,5.6,9.7,-2.1857324492739685,1.062496918054212,-1.0668171225480705,1
FreeDe00,RB,90,66,349,275,2159,7.549999999999999,12,2.7875,20.9125,5.7875,1048,4367,35,4.2375,44.7875,4.783338998868872,0.1889699776960214,1.130204858860376,3
FreeRo00,RB,54,8,89,72,424,5.725,1,1.225,7.025,4.35,318,1264,8,4.1,22.099999999999998,-0.7491477539768436,-0.041233360522811506,-0.0727678384830807,1
FunkJa00,RB,6,0,0,0,0,0.0,0,0.0,0.0,0.0,1,6,0,6.0,1.0,-3.227308546955866,-1.8322727686376916,0.2846593841036176,2
GainKe00,RB,6,0,23,15,123,8.2,0,2.5,20.5,5.3,21,100,2,4.8,16.7,-1.0636708404475552,2.220087698943275,0.18283478504974313,1
GallWa00,RB,56,14,113,80,498,5.360000000000001,2,1.2,7.7,3.8,346,1477,9,4.06,23.16,-0.495084648354481,-0.312261558375208,0.13030266629190523,1
GantQu00,RB,39,6,21,17,151,3.783333333333333,0,0.3,2.75,3.35,80,280,3,2.0,5.233333333333333,-2.578513096989141,-1.04229666170141,0.4909083785929874,2
GaskMy00,RB,27,14,107,86,641,7.366666666666667,5,2.9666666666666663,22.099999999999998,5.6000000000000005,278,1061,5,3.733333333333333,37.26666666666667,0.5951137897970592,1.7724962147428196,0.9132440649743075,1
GerhTo00,RB,82,14,132,100,809,7.983333333333334,3,1.1333333333333335,9.266666666666666,5.883333333333333,397,1675,7,4.266666666666667,19.183333333333334,0.21325495426079233,0.5880526139399181,-0.1268963737937153,1
GibsAn00,RB,22,17,65,53,391,7.7,1,2.35,17.8,6.25,281,1237,14,4.35,56.05,0.29196371962574874,1.6197002207412992,-0.6234771119354844,1
GillCu00,RB,7,0,1,1,6,6.0,0,0.1,0.9,6.0,0,0,0,0.0,0.0,-3.233814028485151,-0.16524029002269236,0.4197732837137495,2
GillMi00,RB,36,4,20,17,103,6.88,1,0.44000000000000006,2.6199999999999997,6.5200000000000005,274,1291,16,4.26,30.46,-1.2677464625908228,0.38895077098954917,-1.3346975365856144,1
GoodMi00,RB,42,3,81,61,543,8.2,1,1.0799999999999998,9.62,6.539999999999999,167,783,3,4.32,16.66,-0.8343452214097681,1.258433493360288,-0.3206360104646195,1
GordLa00,RB,41,15,87,62,490,5.92,2,1.64,11.52,4.0600000000000005,226,774,3,2.98,16.72,-0.8553439199058737,0.21084231595319738,0.7312368002116783,1
GordMe00,RB,91,81,366,276,2194,7.728571428571429,14,3.0285714285714285,24.25714285714286,5.928571428571429,1383,5703,49,4.171428571428572,62.15714285714285,5.984849074526744,-0.02599078813218196,0.7200076063686852,0
GoreFr00,RB,241,218,697,484,3985,8.275,18,2.06875,17.08125,5.762499999999999,3735,16000,81,4.262499999999999,66.4125,12.846516071615584,-4.395381723315797,-1.0786814041574764,0
GrayCy00,RB,35,0,13,9,64,5.2,0,0.20000000000000004,1.5666666666666667,3.533333333333333,24,99,1,4.3,3.1,-2.54392975528648,-0.3450967288959225,-0.20086376794853913,2
GreeAl00,RB,29,4,33,21,139,5.633333333333333,0,0.6666666666666666,4.166666666666667,4.733333333333333,149,510,0,3.4333333333333336,14.733333333333334,-2.032655888581242,0.040782708376320316,-0.17271545277893194,1
GreeMi00,RB,32,3,24,19,121,4.466666666666666,2,0.43333333333333335,2.6,3.5333333333333337,36,142,1,2.6999999999999997,3.0333333333333337,-2.470396914272264,-0.615553058203947,0.5511455532860932,2
GreeSh00,RB,85,36,111,72,534,6.983333333333333,0,0.7999999999999999,5.8500000000000005,4.05,993,4110,24,4.2,46.5,0.8337400892101617,-1.0256128585519004,-1.6123163045093654,3
GreeWi01,RB,46,30,71,45,277,6.025,0,0.975,5.8999999999999995,3.8500000000000005,568,2109,9,3.775,46.025000000000006,-0.4582169611311368,-0.5254180173558001,-0.9332167262103426,1
GricMa00,RB,10,0,11,7,29,4.1,0,0.7,2.9,2.6,15,41,1,2.7,4.1,-2.851729832531261,-0.6843917114737255,0.5636453250454123,2
GrifQu00,RB,16,5,25,18,129,7.199999999999999,1,1.25,8.7,5.2,179,656,2,3.7,43.15,-1.2735367695101467,0.8689936329541381,-0.5654928093253232,1
GuicDe00,RB,5,1,9,7,79,11.3,1,1.4,15.8,8.8,42,245,2,5.8,49.0,-0.6246226409984996,3.2727449040152177,-1.6911801920868945,1
GurlTo01,RB,88,87,336,243,2254,8.666666666666666,12,2.766666666666666,25.58333333333334,6.333333333333333,1460,6082,67,4.15,69.85000000000001,6.236072875080318,-0.06128876481958932,-0.16448657422503798,0
HardMo00,RB,23,5,26,16,138,8.35,0,0.7999999999999999,6.699999999999999,4.5,153,537,1,3.6,23.700000000000003,-1.7088628563903785,0.6795179514705677,-0.5184769287449666,1
HarpJa01,RB,23,0,7,5,40,8.0,0,0.2,1.65,6.65,36,74,4,2.1,3.2,-2.5465025645589194,0.5920171514216996,-0.4079678500913233,1
HarrDa06,RB,21,19,20,16,115,5.366666666666667,0,0.5666666666666667,4.066666666666666,4.066666666666666,274,1250,9,4.033333333333333,45.29999999999999,-1.3761362357794409,-0.349023850362127,-1.0280630080319655,1
HarrJe00,RB,71,11,108,78,533,6.628571428571428,3,0.9571428571428571,6.257142857142857,5.214285714285714,396,1920,8,4.9,24.214285714285715,-0.16569568857221126,0.16882990401271503,-0.44795237428082113,1
HarrNa00,RB,6,6,46,34,244,7.2,2,5.7,40.7,5.3,102,388,2,3.8,64.7,1.102535678889126,3.5344494243215467,1.4422293735684977,3
HartMi00,RB,21,1,15,12,97,11.0,0,0.5666666666666668,4.3999999999999995,9.666666666666666,71,264,2,3.8333333333333335,12.0,-1.694838391140107,2.308269990195541,-1.4039232795442962,1
HaviSt00,RB,28,10,33,25,171,6.6,1,0.95,6.3500000000000005,4.85,13,29,1,2.35,1.0,-2.1033625028734475,0.2990774087034646,0.47523710514372125,1
HaynVe00,RB,68,2,85,61,449,7.657142857142857,2,1.0,7.571428571428571,5.028571428571428,174,738,3,3.1571428571428575,8.642857142857142,-1.0584671046873284,0.4335311292481194,0.2821101987397128,1
HeluRo00,RB,57,5,171,138,1227,8.38,4,2.3,19.68,6.720000000000001,272,1171,7,3.46,16.04,0.7865610185160018,1.7111277308245187,1.0994659453111424,3
HendDa00,RB,36,19,58,39,340,8.933333333333335,3,1.2666666666666666,10.466666666666667,5.966666666666666,298,1333,10,4.3,41.06666666666667,-0.20908025172568617,1.1559692117886848,-0.8451385612318432,1
HendDe01,RB,8,0,2,2,36,9.0,1,0.2,3.6,9.0,9,32,0,5.7,4.45,-2.024674891304579,2.0642356330546843,-1.4506120458506426,1
HenrCh01,RB,11,0,7,6,53,2.2,0,0.225,1.9,1.9,32,122,2,1.7,5.0,-3.2050445034256096,-1.5512010131574776,0.8792269078446633,2
HenrDe00,RB,86,55,125,94,846,9.25,3,1.2,10.65,7.100000000000001,1401,6797,65,4.733333333333333,81.98333333333333,3.485403009239195,-0.44624040304862317,-3.2222158807779016,3
HenrLe20,RB,6,2,6,3,12,4.0,0,0.5,2.0,2.0,46,141,0,3.1,23.5,-2.717315147255183,-0.8593000546346746,0.14928503336457213,2
HenrTr00,RB,90,69,199,141,951,6.857142857142857,2,1.5,10.114285714285714,4.6571428571428575,1488,6086,38,3.9714285714285715,63.800000000000004,2.9985720728376077,-1.3624953560888629,-1.7017180974227992,3
HerbKh00,RB,6,1,3,2,15,7.5,0,0.3,2.5,5.0,40,179,1,4.5,29.8,-2.1805347809787183,0.6545357923574012,-1.0451681093179856,1
HerrDa00,RB,41,3,45,37,304,14.98,0,0.6799999999999999,5.9,14.460000000000003,126,510,1,3.7199999999999998,8.8,-0.8147740391793538,4.063982653521484,-2.138138198017591,1
HerrNo00,RB,25,0,35,29,211,2.433333333333333,2,0.6,4.3999999999999995,2.0,88,275,3,2.4666666666666663,9.333333333333334,-2.4332495669440757,-1.2698304393487079,1.030804940092324,2
HighTi00,RB,77,45,226,162,1208,8.0,2,2.0333333333333337,15.716666666666667,6.016666666666667,752,2977,32,3.9333333333333336,42.28333333333333,2.2720163794030137,0.3178763017005166,-0.39803119010395704,3
HillBr02,RB,51,3,50,40,349,11.98,1,0.62,6.040000000000001,10.4,220,1019,3,4.7,16.64,-0.6988225167990614,2.5762855612301534,-1.6947795538046178,1
HillJe01,RB,55,43,83,68,490,6.32,1,1.1199999999999999,7.639999999999999,5.46,708,2898,29,4.38,43.480000000000004,0.6183808905028797,-0.37946811988574053,-1.4098443427871716,3
HillJu00,RB,28,0,20,13,90,6.4,0,0.45,3.0500000000000003,4.35,70,285,2,4.45,9.55,-2.1899837292977855,0.20638585229806355,-0.45890952356189935,1
HillKy00,RB,6,0,1,1,5,5.0,0,0.2,0.8,5.0,7,22,0,3.1,3.7,-2.9199073990038658,-0.09512504078082046,-0.11831525908958185,2
HillLe00,RB,74,22,47,34,256,6.459999999999999,2,0.45999999999999996,3.34,4.32,56,194,2,2.82,2.6399999999999997,-1.673489546915606,-0.3619281159648747,0.21863010035671177,2
HillRo00,RB,59,16,118,77,574,9.550000000000002,1,1.3166666666666667,11.483333333333334,5.583333333333333,517,2057,12,3.8166666666666664,32.833333333333336,0.24871206463130868,0.85157916588306,-0.6897182705663512,1
HineNy00,RB,57,9,250,194,1414,7.375,6,3.325,24.375,5.575,267,1084,9,4.125,19.25,1.7520188300864186,1.7668370309419548,1.990807418310612,3
HomeTr00,RB,33,1,31,28,251,9.4,1,0.9,8.866666666666667,8.8,52,262,0,5.5,8.133333333333333,-1.2324861314547806,2.2959725196730436,-1.0289907054852678,1
HousCe00,RB,20,5,18,15,109,7.2,0,0.8,5.45,6.0,194,676,7,3.5,36.0,-1.5270428916362535,0.6729127372957404,-0.9120910722370896,1
HowaJo00,RB,68,53,123,83,634,3.8428571428571425,2,0.8142857142857142,6.185714285714285,2.4857142857142853,968,4110,37,3.914285714285714,50.65714285714286,1.0446342923153316,-2.157148785540475,-1.0641335345043055,3
HubbCh01,RB,6,3,19,13,82,6.3,0,2.2,13.7,4.3,72,281,1,3.9,46.8,-1.215515820892592,1.1293183889207006,-0.0841081273767817,1
HuntJa01,RB,5,0,2,1,0,0.0,0,0.2,0.0,0.0,5,19,0,3.8,3.8,-3.3924087251854425,-2.0982463583159596,0.8129456919254702,2
HuntKa00,RB,57,36,217,174,1583,9.379999999999999,16,3.2,28.840000000000003,7.44,763,3532,28,4.619999999999999,58.6,4.121356148664854,2.152926206653614,0.9949426144012051,3
HuntKe00,RB,45,1,42,27,268,6.35,0,0.47500000000000003,4.625,3.95,263,1204,7,4.0,21.675,-1.5270715807499269,-0.1865656008745527,-0.5498983656491412,1
HuntTo01,RB,14,2,6,6,42,3.5,0,0.5,3.5,3.5,14,25,2,1.95,1.75,-2.936721864696963,-0.7776816366713777,0.6595103945405035,2
HydeCa00,RB,105,61,225,158,866,4.822222222222222,3,1.4444444444444444,7.811111111111111,3.4444444444444446,1265,5122,36,3.9777777777777774,46.8888888888889,2.4572601118473902,-1.969688082051906,-0.8083159989393219,3
IngrMa01,RB,143,96,346,281,2011,6.95,10,2.0083333333333333,14.125,5.574999999999999,1717,7758,63,4.466666666666668,51.51666666666667,6.033027373710367,-1.7298229814740635,-0.6808999588114673,0
JackBr00,RB,54,16,141,112,864,8.24,2,1.86,14.6,5.92,355,1383,7,4.5200000000000005,24.72,0.46059888366040774,1.2356578645180682,0.07371199160822785,1
JackDa01,RB,6,0,1,0,0,0.0,0,0.0,0.0,0.0,6,16,0,1.35,2.0,-3.7416912702474323,-2.5229998707962764,1.3565015740109112,2
JackJa00,RB,53,16,46,32,232,6.383333333333333,0,0.5833333333333334,3.9166666666666665,4.0,325,1082,5,3.433333333333333,17.2,-1.4478979159624092,-0.38460125974610365,-0.41560254424557946,1
JackJu01,RB,35,5,61,50,364,6.35,0,1.45,9.600000000000001,5.300000000000001,151,777,2,5.85,22.8,-0.9069799266066908,1.0016522611410157,-0.5184122807668842,1
JackSt00,RB,160,147,628,461,3683,8.916666666666666,9,2.7083333333333335,21.908333333333335,7.000000000000001,2764,11438,69,4.008333333333334,67.88333333333334,10.041860343538673,-1.9887762207564537,-0.6166638059115228,0
JacoBr00,RB,109,49,138,82,743,6.7444444444444445,4,0.7000000000000001,6.166666666666667,4.01111111111111,1141,5094,60,3.9555555555555557,43.922222222222224,2.116538652709912,-1.8366742624485233,-1.7185232966124118,3
JacoJo01,RB,34,34,92,71,533,7.566666666666667,0,2.2333333333333334,16.733333333333334,5.966666666666666,588,2495,24,4.166666666666667,68.73333333333333,1.1139350877530143,0.9065751991660426,-1.2058938244480168,3
JameLa00,RB,19,0,9,5,45,3.54,0,0.2,1.78,2.2199999999999998,46,193,0,2.2600000000000002,8.040000000000001,-2.9915213373001057,-1.1774200297422381,0.524868430734931,2
JameMi00,RB,23,3,16,15,60,1.5999999999999999,0,0.8000000000000002,3.466666666666667,1.4666666666666668,83,351,0,3.866666666666667,15.033333333333331,-2.5315304619879506,-1.3067986729933763,0.5294045818598403,2
JennRa00,RB,93,54,250,191,1469,7.6000000000000005,2,2.085714285714286,15.842857142857143,5.828571428571428,930,3772,23,4.214285714285714,40.51428571428572,2.7351465306979175,0.06735740607179162,-0.2620309707958363,3
JohnCh04,RB,130,111,424,307,2255,6.82,9,2.06,15.170000000000002,4.83,2163,9651,55,4.2,67.07000000000001,6.837354248362356,-2.233462566774756,-0.8472007446368822,0
JohnDa08,RB,83,60,385,264,2715,10.214285714285714,18,3.5142857142857147,36.18571428571428,7.057142857142857,961,3938,39,3.785714285714286,41.82857142857143,5.990732024973409,1.8646620150541202,2.2883205272588123,0
JohnDu00,RB,91,17,400,307,2829,9.2,12,3.3166666666666664,30.63333333333333,7.033333333333334,459,1931,8,4.283333333333334,21.25,4.128522635740757,2.3167849129430826,2.978633744824652,3
JohnGa01,RB,19,0,6,3,6,1.0,0,0.15,0.35,0.6,23,79,0,3.45,4.15,-3.2245537496620345,-1.9016977092812763,0.702032401160935,2
JohnKe06,RB,35,16,80,61,527,7.3,3,1.425,12.225000000000001,5.3,283,1225,8,3.125,31.45,-0.38786400616816064,0.6711979617665138,0.109561748404335,1
JohnKy00,RB,45,24,55,33,323,7.175000000000001,8,0.55,5.4,4.575,9,39,1,2.075,0.675,-1.4845609301424572,0.045217518511563845,1.0211095331637678,1
JohnLa00,RB,92,62,243,166,1449,5.8999999999999995,6,1.47,12.120000000000001,4.07,1559,6600,55,3.5199999999999996,53.46,3.665724325763831,-1.8893429583255446,-0.8553275919506265,3
JohnQu00,RB,44,13,20,13,100,5.74,0,0.32,2.56,4.5,4,5,0,0.26,0.06,-2.724278198650346,-0.6571759159534283,0.6657345270153967,2
JohnRu00,RB,95,63,151,113,676,5.425,2,1.0375,6.387499999999999,4.1625,1517,5979,49,3.3125,51.137499999999996,2.3028557493480895,-2.201939959791802,-1.723332933269392,3
JohnSt03,RB,6,1,1,1,-4,-4.0,0,0.2,-0.7,-4.0,29,86,2,3.0,14.3,-3.7411508480899247,-3.9481177921051143,1.6680164159455282,2
JohnTy02,RB,48,4,101,75,534,7.2,4,1.65,12.95,5.25,210,918,3,4.3,19.200000000000003,-0.3482965875906173,1.0276132611689979,0.4388877737682103,1
JoneAa00,RB,63,51,225,164,1294,6.960000000000001,10,2.6399999999999997,20.06,5.1000000000000005,767,3880,40,5.1,60.4,3.47916377036907,0.38014286155369215,0.08771870581788892,3
JoneFe00,RB,80,25,170,136,1125,7.483333333333333,3,1.616666666666667,12.833333333333336,6.016666666666667,617,2912,11,5.166666666666667,37.949999999999996,1.4371537861037822,0.6192103916653479,-0.4215774029991798,3
JoneGr01,RB,131,72,115,73,471,5.9111111111111105,3,0.588888888888889,3.7666666666666666,3.7333333333333325,272,913,10,3.288888888888889,6.999999999999999,-0.06452509109602737,-1.3290174177102407,0.01742934809516366,1
JoneJu01,RB,96,77,202,150,1029,6.5,2,1.4500000000000002,9.7375,4.625,1292,5098,22,3.7625,51.362500000000004,2.5156517683739983,-1.2605519765381874,-1.0749594024832554,3
JoneKe02,RB,64,49,193,143,1011,5.819999999999999,3,2.2399999999999998,15.879999999999999,4.4,795,3176,24,3.8200000000000003,47.72,1.9205701786322886,-0.28953484971085564,0.016503111671626096,3
JoneMa04,RB,25,7,33,27,377,8.366666666666667,1,0.8666666666666667,11.266666666666666,7.099999999999999,248,964,6,3.6,35.4,-0.8993680203303186,1.3325931226520467,-0.8176616780481282,1
JoneRo01,RB,47,23,97,70,546,7.6000000000000005,1,1.3,9.925,5.45,431,1940,15,3.9000000000000004,36.1,0.03200471298710808,0.4280128868008414,-0.6729544194176497,1
JoneTa00,RB,112,0,28,19,260,8.309090909090909,1,0.13636363636363635,1.9090909090909092,6.290909090909091,53,223,0,1.2454545454545454,1.763636363636364,-1.9126419736375555,0.055237414380619604,-0.0009364467446059342,1
JoneTh00,RB,180,125,410,308,2023,6.75,3,1.7666666666666668,11.516666666666667,5.0,2678,10591,68,3.875,58.675000000000004,7.068582257560275,-3.2804210616001193,-2.0301479106518565,0
JordLa00,RB,114,29,219,158,1301,6.288888888888889,3,1.288888888888889,10.722222222222221,4.844444444444445,897,3734,28,4.433333333333334,33.87777777777778,2.0063489323086356,-0.7303718844735504,-0.345099447259693,3
JuszKy00,RB,130,91,289,216,2009,8.544444444444444,13,1.7111111111111112,15.933333333333334,6.466666666666666,49,173,3,2.5,1.3666666666666665,2.4930168291143064,0.5307371031276796,2.425767326165571,3
KamaAl00,RB,68,42,453,358,3134,8.88,19,5.16,45.239999999999995,6.94,818,3870,46,4.8,57.94,7.285354885020601,2.6881610717773508,3.262105153053665,0
KariDe00,RB,33,0,28,18,129,2.7249999999999996,0,0.4,2.7,1.7999999999999998,110,341,0,2.75,8.15,-2.674675913752395,-1.3733690179577915,0.6559895745938891,2
KeatCu00,RB,25,0,1,1,9,3.0,0,0.03333333333333333,0.2333333333333333,3.0,23,91,0,5.066666666666666,3.6333333333333333,-2.824652098362239,-0.802626719537297,-0.216174949330976,2
KellJo00,RB,11,0,3,2,27,4.5,0,0.16666666666666666,2.2666666666666666,3.0,32,96,0,4.066666666666666,8.366666666666667,-2.7814628478898538,-0.4886234228820197,-0.09032372205030353,2
KellJo01,RB,17,0,24,24,152,5.2,0,0.9500000000000001,5.95,5.2,120,384,2,3.25,17.65,-2.015880890658384,0.27333543264636656,-0.037455788160102296,1
LacyEd00,RB,60,51,140,107,947,8.34,6,1.54,13.419999999999998,6.42,857,3614,23,4.1,58.419999999999995,2.0567348507289065,0.4206718114703676,-0.943221330582915,3
LangJe00,RB,29,5,69,41,421,6.733333333333333,1,1.0,9.733333333333333,3.9666666666666663,219,762,10,3.2000000000000006,25.099999999999998,-1.1603351574015848,0.182923968927646,0.05475038975431183,1
LascDa00,RB,10,0,4,2,11,2.75,0,0.15,0.8,1.4,11,32,0,1.45,2.3,-3.401075946447363,-1.6195732349579945,0.9485672331106477,2
LaynGe00,RB,13,0,5,4,20,2.9,0,0.32,1.6,2.6,3,32,0,6.4,2.1,-2.676044584206094,-0.5175863760030495,-0.29191033945721584,2
LeonBr00,RB,88,9,184,143,1008,7.125,1,1.375,10.7875,5.9125,221,828,0,3.625,7.3625,-0.03445096677420424,0.6187198388253374,0.7088611024887702,1
LeshMi00,RB,17,14,49,34,214,3.15,0,1.2,7.65,2.2,217,807,9,4.1,30.0,-1.4956525766406965,-0.780548687421234,0.11506839657928335,2
LewiDi00,RB,102,27,241,191,1408,6.512500000000001,8,2.0375,15.987500000000002,5.262500000000001,567,2425,13,4.3875,24.6125,2.112966453837256,0.31209713836909514,1.125027337735965,3
LewiJa00,RB,131,126,298,221,1879,8.811111111111112,4,1.6111111111111112,13.988888888888889,6.599999999999999,2542,10607,58,4.088888888888889,79.7111111111111,6.554589471564641,-1.9677489916849689,-2.8753062768725712,0
LogaT.00,RB,22,0,10,9,50,5.9,0,0.44999999999999996,2.4000000000000004,4.8,5,12,0,2.15,0.5,-2.7595054346479246,-0.05652152124556691,0.2335253085593133,2
LundWa00,RB,14,8,39,33,204,6.2,0,2.4,14.6,5.2,124,476,4,3.8,34.0,-0.9241837342926308,1.2272100110033854,0.11192071776815167,1
LyncMa00,RB,161,146,416,308,2352,6.953846153846153,9,1.8076923076923077,13.323076923076922,5.1461538461538465,2618,10986,91,4.015384615384615,64.53846153846153,8.127511703592376,-3.364072653721836,-1.8849411343176,0
MackMa00,RB,47,23,84,57,448,7.340000000000001,2,1.44,12.379999999999999,5.44,567,2484,20,4.6000000000000005,44.400000000000006,0.4589977620572425,0.4933535797939669,-0.9813995066753567,1
MareOw00,RB,24,6,12,5,31,3.1,0,0.2,1.1,2.2,4,8,0,1.0,0.3,-3.2242582170370224,-1.5166822296511906,0.9616185193403034,2
MaroLa00,RB,49,17,63,44,459,11.48,1,0.76,8.379999999999999,6.720000000000001,618,2504,21,3.6199999999999997,43.48,0.2000122166816438,1.0706477391085591,-1.762431739954072,1
MartDo00,RB,84,74,216,148,1207,7.6428571428571415,2,1.7285714285714284,13.557142857142855,5.257142857142857,1322,5356,30,3.8285714285714283,62.01428571428572,3.065961533230184,-0.70775976059453,-1.2977830011314393,3
MasoTr00,RB,25,12,51,34,236,7.1000000000000005,1,1.35,9.55,4.6,254,972,5,3.55,39.85,-0.9349006796235816,0.5578963974714034,-0.37629898777271986,1
MassCh00,RB,32,1,1,0,0,0.0,0,0.0,0.0,0.0,1,-1,0,-0.5,-0.05,-3.806913875054441,-2.917886846304345,1.7986535285249954,2
MathRy00,RB,86,66,226,179,1371,7.614285714285714,3,2.0428571428571427,15.557142857142855,6.257142857142857,1184,5261,37,4.471428571428571,59.857142857142854,3.491322427867697,-0.2029949667063978,-1.161192637950303,3
MattAl01,RB,34,4,47,41,325,8.133333333333333,2,1.3666666666666665,10.233333333333333,7.0,270,1169,3,4.266666666666667,34.333333333333336,-0.6265506284158072,1.4537141364397244,-0.6787215196416517,1
MauiRe00,RB,39,19,11,6,44,6.3,0,0.16,1.5799999999999998,4.8,4,5,0,0.26,0.06,-2.785235545593975,-0.5789257805012542,0.4290023997041083,2
MaysDe00,RB,8,0,3,3,0,0.0,0,0.4,0.0,0.0,4,1,0,0.3,0.1,-3.7611735497077956,-2.5749612980526613,1.7444454209179423,2
McAlDe00,RB,97,76,311,234,1720,7.15,5,2.35,16.737499999999997,5.55,1429,6096,49,4.2875,59.7375,4.659258519507219,-0.7926758358626427,-0.716763110806147,3
McCaCh01,RB,55,49,420,340,2889,8.92,16,5.9399999999999995,52.339999999999996,7.519999999999999,748,3398,30,4.220000000000001,64.16,6.998845136588868,3.4909122119203775,3.4671923010806784,0
McClLe00,RB,111,75,132,94,557,4.528571428571428,3,0.8571428571428571,5.042857142857144,3.357142857142857,354,1310,13,3.1999999999999997,11.757142857142858,0.15065015471513865,-1.6027520621240514,0.25251820476414844,1
McCoLe01,RB,170,141,666,518,3898,7.391666666666667,16,3.025,22.60833333333333,5.708333333333333,2457,11102,73,4.358333333333334,63.14166666666666,10.585405099773917,-2.271719528801181,0.7790770124753895,0
McFaAn00,RB,12,0,9,6,54,4.5,0,0.25,2.45,3.0,34,114,0,2.2,5.65,-2.9562431943670338,-0.747041354704506,0.4371568779573948,2
McFaDa00,RB,103,74,361,254,2114,7.2700000000000005,5,2.13,17.510000000000005,5.089999999999999,1302,5421,28,3.46,47.019999999999996,4.254244284368424,-0.7491823598136012,0.30524806917968306,3
McGaWi00,RB,142,95,285,210,1339,6.029999999999999,5,1.5100000000000002,9.77,4.34,2095,8474,65,4.029999999999999,59.49000000000001,5.124885552480421,-2.7632779973076884,-1.8437729338148157,0
McGuEl00,RB,24,5,57,36,370,10.3,2,1.75,17.6,6.5,180,591,4,3.3,27.1,-0.547672247958316,2.1071373010519796,-0.08348952512131216,1
McKiJe00,RB,83,18,251,184,1312,7.233333333333334,6,2.1666666666666665,15.083333333333334,5.2,559,2249,12,4.016666666666667,26.416666666666668,1.742864028507206,0.5350923328926691,1.0135154533438375,3
McKnJo00,RB,41,1,31,23,241,11.524999999999999,2,1.075,11.175,7.699999999999999,113,505,0,4.225,10.825,-1.0292580941098768,2.33477854931777,-0.7126452441005843,1
McNiJe00,RB,29,0,47,36,269,2.7,1,0.7,5.4399999999999995,2.06,63,270,1,2.1399999999999997,4.74,-2.457502539567338,-1.193314064245538,1.1953233387118298,2
MealRo00,RB,14,1,11,9,76,10.95,0,1.25,8.9,10.25,22,73,1,3.3499999999999996,7.7,-1.6017989589911037,2.8081182609345796,-0.9455298338006164,1
MendRa00,RB,72,63,128,95,795,8.183333333333332,2,1.2333333333333334,10.083333333333332,6.150000000000001,1081,4236,37,3.75,50.23333333333333,1.949426868932694,-0.40454710826094914,-1.7085697776802113,3
MichCh00,RB,47,16,63,46,231,4.500000000000001,2,0.7000000000000001,3.5,2.683333333333333,373,1558,13,4.3999999999999995,27.95,-1.014865129286045,-0.9807375029032672,-0.359180629206881,1
MichSo00,RB,47,29,50,34,298,9.05,2,0.75,6.699999999999999,6.475,607,2563,15,4.425,52.15,0.15087407084949925,0.6274372443635409,-1.8432279845327453,1
MillLa01,RB,106,89,273,211,1571,6.7875000000000005,8,1.9625000000000004,13.4375,5.325,1354,5864,32,3.8499999999999996,48.5375,4.0909549346115766,-1.062043870269886,-0.27710026659675996,3
MinoTr00,RB,118,4,96,67,474,4.1375,1,0.6124999999999999,4.1125,3.0124999999999997,307,1230,8,3.8374999999999995,11.1375,-0.9163961209013837,-1.2339007447665193,0.22357252514972106,2
MireBr00,RB,10,3,13,9,57,6.3,0,0.9,5.7,4.4,0,0,0,0.0,0.0,-2.8456542167460492,-0.09773714078467594,0.9730048876704902,2
MitcEl00,RB,3,2,4,4,30,7.5,0,1.3,10.0,7.5,45,189,1,4.2,63.0,-1.2287164893559392,1.786240042467182,-1.287119296725613,1
MixoJo00,RB,59,50,186,151,1202,8.02,7,2.66,20.82,6.6,962,3995,27,4.0600000000000005,68.24,3.1702926281227626,0.881433882795084,-0.34505359009795306,3
MoatRy00,RB,38,3,27,20,127,3.675,1,0.44999999999999996,2.55,2.775,204,831,8,3.925,21.65,-1.9371463304259005,-0.9767244988570558,-0.14022198472821887,2
MontDa01,RB,36,27,114,87,689,7.933333333333334,3,2.266666666666667,18.0,5.8999999999999995,571,2331,17,4.166666666666667,67.10000000000001,1.3020562638924509,1.1703744385099208,-0.6374146739728334,3
MoorMe00,RB,122,15,288,220,1952,9.077777777777778,8,1.7222222222222223,15.433333333333334,6.922222222222222,507,2267,6,4.5,18.111111111111107,2.430926081174616,1.1415265479337295,1.1083940279492006,3
MoreFr00,RB,14,1,1,0,0,0.0,0,0.0,0.0,0.0,75,206,5,3.05,12.65,-3.2358745619820684,-2.402580441479923,0.6802589216932254,2
MoreKn00,RB,63,45,205,158,1409,8.666666666666666,9,2.15,19.033333333333335,6.916666666666667,876,3616,27,4.3,54.083333333333336,3.051161895896209,0.9741179462830526,-0.106114383726228,3
MoreVe00,RB,40,3,74,58,410,7.05,0,1.325,9.25,5.775,176,739,4,3.6999999999999997,16.9,-1.0815742326534197,0.8242481740573454,-0.07333811881451145,1
MorrAl00,RB,114,70,99,68,513,6.199999999999999,1,0.5222222222222221,3.888888888888889,4.300000000000001,1429,6173,35,4.188888888888889,46.34444444444444,1.7942809035078402,-2.0773791565813675,-2.3318163204432,3
MorrMa00,RB,145,38,218,151,1163,7.62,5,1.06,8.09,5.59,867,3648,13,4.380000000000001,25.330000000000002,1.9581032194511485,-0.482156720175797,-0.3077053962219278,3
MorrSa00,RB,144,37,231,166,1258,7.824999999999999,1,1.2750000000000001,8.95,5.591666666666666,736,3053,26,3.7750000000000004,25.066666666666666,1.8886276659156584,-0.5250108415321794,-0.4260679787168612,3
MortCh00,RB,78,5,68,48,419,5.18,1,0.62,5.4,3.3600000000000003,89,382,0,6.459999999999999,4.9799999999999995,-1.2788962320146235,-0.08989597756865554,-0.21576382894519686,1
MossZa00,RB,20,0,43,32,261,8.0,2,1.85,15.5,5.949999999999999,177,714,7,3.95,35.15,-0.66458463887963,1.6139561871734363,-0.17773731020722594,1
MurpMa03,RB,28,1,22,14,36,2.225,0,0.825,2.6,1.975,60,291,0,2.675,15.925,-2.620325248751305,-1.2725074330885997,0.6709664395561373,2
MurrDe00,RB,99,86,376,307,2165,7.042857142857142,6,3.1,21.857142857142858,5.742857142857142,1604,7174,49,4.442857142857143,71.6857142857143,6.044711041078298,-0.6043604123938907,-0.3298210058883959,0
MurrLa00,RB,114,66,236,189,1319,7.0375000000000005,2,1.5875,11.087500000000002,5.6875,1250,5203,47,4.2125,44.837500000000006,3.307391489912874,-1.0687576071384013,-1.2376969606547765,3
NashDa00,RB,6,0,10,7,55,7.5,0,1.15,9.2,5.300000000000001,24,98,0,4.5,16.35,-1.9097383695909764,1.2438564055561954,-0.3948435219456403,1
NedxLa00,RB,16,0,1,1,9,9.0,0,0.1,0.6,9.0,0,0,0,0.0,0.0,-2.870471241612268,1.031007593742694,-0.26640123357915196,1
NorwJe00,RB,66,6,134,96,912,7.766666666666666,3,1.25,11.666666666666666,5.283333333333333,399,2056,7,4.55,25.45,0.2756276551793751,0.676909326107013,-0.046864431868061524,1
OgboCh00,RB,55,12,140,96,714,6.8500000000000005,2,1.1500000000000001,9.35,4.2,158,710,2,3.5499999999999994,12.549999999999999,-0.6641559308416464,0.238150235582513,0.6334442344804345,1
OlliQa00,RB,12,0,2,1,7,2.3333333333333335,0,0.03333333333333333,0.3,1.1666666666666667,23,53,4,1.7666666666666666,2.433333333333333,-3.371209746933799,-1.8150567133015534,0.8317411338731748,2
OmonXa00,RB,7,0,1,0,0,0.0,0,0.0,0.0,0.0,11,27,0,2.6,3.45,-3.571856558408336,-2.3441167962010323,1.0387023970593974,2
ParmJa00,RB,36,2,9,7,60,1.72,0,0.12,1.1,1.34,48,187,0,4.1,8.48,-2.820439693250962,-1.588494272885942,0.32376820424570846,2
PeadIs00,RB,30,1,20,15,100,4.6,0,0.4,2.725,3.8,27,100,0,3.175,3.625,-2.591201512486837,-0.4415302800041064,0.2141521149536728,2
PearAl00,RB,38,0,41,36,276,7.5,1,0.7,7.840000000000001,6.94,58,238,2,1.7,3.22,-1.894153265407246,0.8060409878478074,0.28707624867690257,1
PeerCe00,RB,92,1,19,13,123,3.675,0,0.1125,1.1749999999999998,2.3125,70,349,1,2.5250000000000004,3.225,-2.4530046009665685,-1.5177673347805003,0.4283022505908196,2
PennRa00,RB,30,0,23,17,158,4.675000000000001,1,0.35,3.4250000000000003,3.45,176,847,5,3.825,21.55,-2.0007437338109426,-0.5431085107958566,-0.23313838040808993,2
PeriLa00,RB,13,0,15,11,63,2.85,0,0.55,3.15,2.1,65,235,2,3.3,12.1,-2.6995642407908056,-1.035038412130441,0.43280209162185623,2
PeriSa00,RB,53,9,55,48,363,4.2,2,0.7000000000000001,5.05,3.6166666666666667,292,1127,5,3.833333333333334,16.849999999999998,-1.3261721221806377,-0.6807972829488131,0.1358838002330281,2
PerkPa00,RB,29,5,35,24,217,8.533333333333333,0,0.7000000000000001,6.033333333333334,6.8,165,575,0,2.9,16.03333333333333,-1.6891455570474967,1.0416383636095772,-0.5329063190354415,1
PerrBr01,RB,5,1,2,0,0,0.0,0,0.0,0.0,0.0,16,74,0,2.3,18.5,-3.425813383743918,-2.3811996572734775,0.8770095640822365,2
PerrCh00,RB,35,9,110,83,474,6.425,2,2.025,13.1,5.550000000000001,177,606,2,3.35,12.649999999999999,-0.6595668944921506,0.9631972076882955,0.7785750455987845,1
PerrMa00,RB,9,2,13,9,92,10.2,1,1.0,10.2,7.1,3,5,0,1.7,0.6,-2.0839883126201726,1.730225919629548,0.10547078967890233,1
PeteAd00,RB,106,6,102,78,665,8.6,0,0.6375000000000001,5.4375,7.4625,311,1283,8,4.574999999999999,11.687499999999998,-0.3085890030027072,0.8025463610021025,-0.9123670451224786,1
PeteAd01,RB,185,166,424,304,2475,7.400000000000001,6,1.5374999999999999,11.91875,5.3062499999999995,3229,14922,119,4.09375,70.61249999999998,9.504936484375746,-4.509431817163204,-3.4752052213399676,0
PierBe00,RB,52,3,47,32,171,5.175,0,0.575,2.85,3.0250000000000004,359,1345,5,3.375,22.6,-1.6362291341020192,-0.825067904289293,-0.2635599645143241,2
PinnAr00,RB,47,7,47,39,308,6.12,0,0.8799999999999999,6.780000000000001,4.64,250,858,8,4.500000000000001,19.3,-1.2154524866165775,0.1658103417069195,-0.4847952356129825,1
PittAn00,RB,23,5,36,21,147,6.15,0,0.9,6.2,3.3000000000000003,117,435,0,3.7,18.65,-1.9290529175384998,0.03852773817257861,-0.02073029404601761,1
PollTo00,RB,39,2,78,60,448,7.566666666666666,2,1.6333333333333335,12.566666666666668,6.133333333333333,259,1293,7,5.066666666666666,35.96666666666667,-0.2081790777635062,1.3574801211598149,-0.5112848307113693,1
PortCl00,RB,113,108,340,247,2018,8.422222222222222,5,2.0555555555555554,17.055555555555557,5.9,2230,9923,75,4.3999999999999995,82.6222222222222,6.775939791416735,-1.7303529102796797,-2.3323643083792516,0
PoweBi00,RB,109,38,309,211,1600,7.588888888888889,5,1.7999999999999998,13.966666666666665,5.255555555555556,850,3675,15,4.044444444444444,31.822222222222226,2.6584680083408068,-0.0876357921175381,0.5007873698792461,3
PrenTr00,RB,30,11,44,38,201,7.6,1,1.2,6.3,7.2,187,525,9,1.95,16.45,-1.3823848625954163,0.8232949304773205,-0.15649017658302572,1
ProsC.00,RB,35,2,50,41,411,9.040000000000001,1,1.2399999999999998,13.34,7.2,75,283,2,1.9600000000000002,8.52,-1.3166669950052203,1.5509080411317309,0.31284552233130214,1
RainCh00,RB,18,0,23,14,60,2.15,0,0.45,1.9,1.35,26,102,2,1.95,3.2,-3.071760952546258,-1.6224296381184264,1.0226990515812338,2
RandJo01,RB,35,8,25,22,170,7.333333333333333,0,0.8666666666666666,6.8,6.433333333333333,181,822,9,4.6,28.833333333333332,-1.1791209808316145,0.9031522995882164,-1.0872193750938424,1
RedmJ.00,RB,50,6,105,68,502,6.459999999999999,2,1.2,8.540000000000001,4.0,194,676,1,3.2199999999999998,16.26,-1.0228123647072063,0.14581044121025105,0.562381349071437,1
RiceRa00,RB,92,80,486,369,3034,8.116666666666667,6,3.966666666666667,32.5,6.183333333333334,1430,6180,37,4.283333333333333,65.93333333333334,6.8277708754967845,0.611463542334256,1.0959312815886515,0
RichDa00,RB,27,3,54,38,284,5.133333333333333,0,1.0999999999999999,8.433333333333332,3.733333333333333,169,697,0,3.8000000000000003,19.63333333333333,-1.621548818205185,0.04418969245621124,0.1782803579114513,1
RichTr00,RB,60,45,197,141,1177,8.55,3,2.3499999999999996,19.625,6.125,771,2490,20,3.1999999999999997,41.45,2.0001062640095135,0.8531599060142138,0.1068872120867162,3
RiddTh00,RB,88,19,375,290,2281,7.828571428571428,14,3.142857142857143,24.45714285714286,5.828571428571429,294,1037,5,3.2,11.85714285714286,3.121577239929363,1.540594732232706,3.541406189243223,3
RidlSt00,RB,73,27,45,30,162,3.6875,0,0.35,1.65,2.4375,743,3102,24,3.6500000000000004,37.3375,-0.6292245032561782,-2.0555961409835692,-1.123025474824014,2
RingJa00,RB,37,0,49,38,243,4.25,0,1.0499999999999998,6.1,3.275,120,486,3,5.199999999999999,11.05,-1.7069663478639556,-0.150536976866632,0.027977883839485962,1
RobiJo02,RB,5,0,6,6,33,5.5,0,1.2,6.6,5.5,17,39,0,2.3,7.8,-2.4571892247274034,0.505646476069894,0.3519906063797683,1
RodgJa00,RB,110,14,264,216,1590,7.862500000000001,5,1.8,13.224999999999998,5.800000000000001,545,2067,9,3.6125000000000003,19.650000000000006,1.7657967673793793,0.4756469248707458,1.0668770836184769,3
RounLa00,RB,5,0,2,1,-1,-1.0,0,0.2,-0.2,-0.5,24,60,0,2.5,12.0,-3.5174434979344125,-2.605368136470142,1.1397057675084559,2
RoysEv00,RB,32,2,38,25,180,5.966666666666666,0,0.8333333333333334,6.133333333333334,4.2,81,416,2,3.233333333333333,20.066666666666666,-1.8818203218800824,0.08953396411246552,-0.023888674505682855,1
SandMi01,RB,35,29,139,97,824,7.8,3,2.7000000000000006,21.7,5.599999999999999,406,1985,9,4.8999999999999995,55.43333333333334,1.351451834727635,1.6004591838099724,-0.0685744434549005,3
SankBi00,RB,29,12,45,32,272,8.65,1,1.1,9.5,6.05,199,762,3,3.9,25.200000000000003,-1.031921512831876,1.1927144088597428,-0.5805785573152212,1
ScarBo01,RB,7,5,4,1,5,2.5,0,0.1,0.4,0.65,95,408,1,4.7,46.9,-2.468912126497859,-1.4467557399436561,-0.48972306703165974,2
ScarJo00,RB,9,0,0,0,0,0.0,0,0.0,0.0,0.0,4,9,0,2.3,1.0,-3.6295141141120246,-2.394789115971732,1.146646698437708,2
ScobJo00,RB,43,0,22,19,200,6.533333333333334,0,0.5333333333333333,5.5,6.033333333333334,27,89,0,1.0999999999999999,2.466666666666667,-2.385664494743716,0.21622031599633082,0.4032773634249711,2
ScotBe00,RB,49,3,40,31,175,5.359999999999999,0,0.5799999999999998,3.28,4.04,259,1049,4,4.1,18.34,-1.6615367640397487,-0.34700217301427455,-0.4293301540959767,1
ScotBo02,RB,38,8,67,52,426,5.075,1,1.0250000000000001,8.225,3.925,170,743,9,3.25,14.875,-1.3286811387284108,-0.22542979735016289,0.3629798923213741,1
ScotDa01,RB,20,1,21,13,115,5.266666666666667,1,0.8000000000000002,7.199999999999999,3.966666666666667,31,98,0,2.8000000000000003,6.133333333333333,-2.332872512058227,0.01307485027497267,0.511162711592305,2
SermTr00,RB,4,2,3,2,3,1.5,0,0.5,0.8,1.0,31,135,1,4.4,33.8,-2.689054195170646,-1.3998263446297856,0.015986975050592357,2
ShelEr00,RB,9,0,1,1,6,6.0,0,0.1,0.7,6.0,8,23,0,2.9,2.6,-2.858603561886555,0.2442922027004262,-0.31026854263086856,2
SherAn00,RB,153,35,88,66,552,7.959999999999999,4,0.43,3.54,5.95,28,73,1,1.8400000000000003,0.4699999999999999,-0.6654457945019147,-0.2749687800794678,0.4375021920932099,1
SimsCh00,RB,47,2,176,129,1190,9.0,6,2.8,25.4,6.55,245,958,2,3.775,20.85,1.0803257620611681,2.3795267452443185,1.484621654262134,3
SingDe00,RB,36,31,118,88,545,5.8999999999999995,2,2.466666666666667,14.433333333333332,4.366666666666667,380,1817,5,4.8,50.63333333333333,0.5533641195773682,0.6448308571645841,-0.06805218301070297,1
SlatSt00,RB,48,26,124,102,805,4.04,5,1.72,12.379999999999999,3.22,459,1960,14,4.0600000000000005,32.58,0.3934738802564347,-0.5226706659078283,0.6845421440691762,3
SmalWe00,RB,53,12,79,56,452,6.4799999999999995,2,0.9,7.159999999999999,4.279999999999999,233,931,5,3.1399999999999997,14.8,-1.0785707363619006,-0.058724753657938625,0.24188542008025007,1
SmitIt00,RB,35,0,72,55,314,5.966666666666666,0,1.5666666666666667,9.566666666666668,4.633333333333334,175,689,6,4.2,18.900000000000002,-1.1322990192445477,0.5457673672661417,0.06125658429137607,1
SmitKe02,RB,54,31,171,123,1082,8.919999999999998,5,2.2600000000000002,20.5,6.32,598,2346,17,3.9800000000000004,40.559999999999995,1.7727134518843308,1.3626658462329486,0.1411913844543002,3
SmitKo00,RB,27,9,43,34,209,5.466666666666666,0,1.0999999999999999,6.333333333333335,4.7,162,540,3,2.9,16.0,-1.7477218131095684,0.057212497867424335,0.1271752267522948,1
SmitMu00,RB,49,1,64,54,363,6.08,0,1.34,6.340000000000001,4.2,132,496,4,3.04,7.4799999999999995,-1.5411189704137587,0.08432930569223762,0.4331570007230695,1
SmitOn00,RB,26,9,65,51,523,9.75,2,2.15,22.2,7.65,231,1123,7,4.9,44.05,0.3899337478361273,2.6650628033322143,-0.5917736656485008,1
SmitPa00,RB,79,8,32,18,182,7.328571428571428,0,0.2714285714285714,2.7142857142857144,4.857142857142857,46,210,1,3.185714285714286,2.742857142857143,-1.9559459719784016,-0.022711394109017985,-0.26583076319501114,1
SnelBe00,RB,37,5,21,14,91,6.933333333333334,0,0.3,2.1666666666666665,4.166666666666667,229,821,6,3.3000000000000003,19.73333333333333,-1.9407385492868825,-0.19856076304356982,-0.6291491121441152,1
SnelJa00,RB,96,6,202,168,1249,6.771428571428571,9,1.6285714285714283,12.242857142857146,5.485714285714286,363,1420,8,3.714285714285714,14.657142857142857,1.0642811725754926,0.4634228630871797,1.4329559630027868,3
SpilC.00,RB,92,38,272,203,1527,6.688888888888889,10,1.9111111111111105,14.56666666666667,4.722222222222222,715,3460,12,3.611111111111111,27.188888888888886,2.4394720281468834,-0.14125657063183,1.3412021196847266,3
SproDa00,RB,183,31,747,553,4840,8.12857142857143,32,2.8928571428571432,25.528571428571432,5.9142857142857155,732,3552,23,4.835714285714286,19.02142857142857,8.406445407108645,0.6708035316682627,5.732937654399953,0
StacZa00,RB,35,17,70,53,358,7.0,1,1.4666666666666668,9.966666666666667,5.333333333333333,357,1355,9,3.5666666666666664,34.36666666666667,-0.5198340565577625,0.5437283104644939,-0.38763836900523446,1
StarJa00,RB,76,13,167,125,1017,7.942857142857142,6,1.4714285714285715,11.685714285714285,5.6,618,2506,9,3.885714285714286,33.3,1.0568576754161103,0.5266624905939337,0.20853363301534153,3
StepLa00,RB,58,10,91,58,545,8.98,3,1.18,9.8,6.08,188,670,5,3.54,13.180000000000001,-0.5946129922457121,1.0985845981491653,0.038524899032836936,1
StepTr01,RB,1,0,1,1,6,6.0,0,1.0,6.0,6.0,0,0,0,0.0,0.0,-2.8990506531578832,0.31848666278955184,0.8107552207979094,2
StevRh00,RB,3,0,4,4,48,12.0,0,1.3,16.0,12.0,17,48,1,2.8,16.0,-1.3274338078482837,3.688052141561821,-1.047738474888407,1
StewJo00,RB,134,64,236,162,1295,7.109090909090909,7,1.1272727272727272,9.00909090909091,4.754545454545454,1705,7335,51,4.127272727272727,49.6090909090909,3.9754162379670026,-1.895481254985767,-1.4222190623036022,3
StitSh00,RB,15,0,0,0,0,0.0,0,0.0,0.0,0.0,20,55,1,1.4,1.95,-3.6555816448664724,-2.5749491253593626,1.3151205831541526,2
SuggLe00,RB,29,3,49,28,217,3.3,1,0.7749999999999999,6.1000000000000005,5.3,269,1074,4,3.7750000000000004,31.025000000000002,-1.5030435573445686,-0.22982914004837712,-0.2374126708424157,1
SummFr00,RB,27,16,16,12,88,4.366666666666667,1,0.3333333333333333,2.066666666666667,3.6666666666666665,18,63,2,2.1999999999999997,1.5999999999999999,-2.6086712301902315,-0.7968558400458875,0.45562732887851704,2
SwifDA00,RB,21,5,114,93,772,8.3,4,4.7,39.7,6.8,204,810,11,3.9,38.1,1.6068751095346874,3.4864592374147856,1.6008600240375963,3
TaliLo00,RB,19,0,18,16,153,7.800000000000001,0,1.0999999999999999,7.266666666666667,6.833333333333333,82,339,5,2.6333333333333333,12.733333333333334,-1.8492097851792961,1.1164549293924377,-0.2519085580992988,1
TateBe00,RB,54,15,91,67,347,4.5600000000000005,0,1.02,5.3,3.5200000000000005,553,2401,14,4.0,37.94,-0.4806893880617213,-0.8855148031026718,-0.5990049274121375,1
TaylCh01,RB,151,34,398,299,2324,7.6800000000000015,6,1.9800000000000004,15.27,5.62,1160,4740,26,4.01,31.3,4.19258009948485,-0.4456463597497518,0.8139602266173679,3
TaylJo02,RB,24,22,66,59,592,10.5,2,2.5,26.25,9.3,372,1990,19,5.45,84.55000000000001,1.7495459149504515,3.2110012043251763,-1.7017137946919947,3
TaylSt00,RB,61,4,27,20,154,5.025,3,0.35000000000000003,2.575,3.625,120,393,1,3.225,6.625000000000001,-2.0120741720033934,-0.6137013891688988,0.30653781008295794,2
ThomAn01,RB,91,43,164,115,764,5.824999999999999,1,1.1875,7.699999999999999,4.050000000000001,1051,3903,23,3.125,37.724999999999994,1.1722646547646705,-1.3232953641305283,-0.6526660315969071,3
ThomCh03,RB,74,1,307,232,1918,6.8,11,2.8874999999999997,23.037499999999998,5.199999999999999,257,1214,5,3.8374999999999995,13.3875,2.1475199133420455,1.3745760039927672,2.9314648404703747,3
ThomDa03,RB,52,3,74,55,412,7.475,3,1.0750000000000002,8.2,5.425000000000001,409,1480,10,3.6500000000000004,28.225,-0.5144746665512173,0.4776512954795861,-0.3145841321453394,1
ThomDa06,RB,26,1,21,16,108,7.050000000000001,1,0.65,4.1,5.1,64,225,2,3.55,8.8,-2.0865016152387925,0.48258750885111856,-0.20544752178989723,1
ThomDe05,RB,77,6,88,65,509,6.557142857142856,4,0.8285714285714285,6.428571428571429,4.6000000000000005,32,192,2,4.671428571428572,2.457142857142857,-1.013365332804854,0.315647159826732,0.4047886402188595,1
TodmJo00,RB,75,3,67,40,314,2.3142857142857145,2,0.5,2.814285714285714,1.4142857142857144,124,531,3,3.4285714285714284,5.9,-1.9381461366317883,-1.6730104113517965,0.8825467018012649,2
ToefLa00,RB,45,3,58,46,277,4.5200000000000005,2,0.74,4.26,3.4799999999999995,163,572,7,3.0999999999999996,12.040000000000001,-1.7037539519986802,-0.6323322487383907,0.4375934496806671,2
TomlLa00,RB,170,155,868,624,4772,7.818181818181817,17,3.6454545454545455,27.909090909090903,5.5636363636363635,3174,13684,145,4.2272727272727275,79.41818181818181,14.028078299378029,-3.337393614397562,0.25138406784110756,0
ToraRy00,RB,22,13,36,24,148,2.675,2,0.65,3.85,1.7999999999999998,238,1011,6,3.125,33.425,-1.813683451367827,-1.385464010146154,0.2589783780314073,2
TurbRo00,RB,89,4,120,91,703,5.666666666666666,3,0.8666666666666667,5.977777777777778,4.255555555555556,387,1493,10,3.177777777777778,13.611111111111114,-0.4649887319789655,-0.5576068830963654,0.4322464431497593,1
TurnMi00,RB,134,74,108,70,528,6.5777777777777775,1,0.5333333333333333,3.866666666666667,4.922222222222222,1639,7338,66,4.833333333333333,54.62222222222223,2.8982110490195354,-2.3991937795265756,-3.3181030421575133,3
VaugKe00,RB,14,0,10,5,34,3.4,1,0.25,1.7,1.7,31,136,0,4.800000000000001,8.85,-2.705524778768192,-0.8908955832011307,0.10861271413822844,2
VereSh00,RB,79,9,312,221,1865,8.428571428571429,11,2.642857142857143,22.614285714285717,5.614285714285714,356,1489,8,4.185714285714286,19.900000000000002,2.4862233921296513,1.5796159897195603,2.2833909056826354,3
WaltMa00,RB,21,4,29,20,130,7.05,0,1.25,7.8,4.65,67,235,0,3.0999999999999996,15.549999999999999,-1.8768678592938646,0.6414391907277142,0.07402375563339045,1
WardDe01,RB,93,10,136,96,787,4.874999999999999,3,0.975,7.725,3.2375,551,2628,12,3.4,26.237499999999997,0.09180248348224172,-1.0440552320617251,0.3118525065684568,1
WareSp00,RB,43,19,78,64,698,5.9799999999999995,2,1.22,11.379999999999999,4.84,357,1631,11,4.2,28.660000000000004,-0.25395473172355676,0.2175767622798673,-0.1495817748227497,1
WashCh00,RB,11,0,4,3,22,3.875,0,0.3,2.0,3.325,5,8,0,0.32499999999999996,0.25,-3.3151059867896384,-1.048469696812272,0.9762663655614763,2
WashDe00,RB,62,7,129,97,671,7.116666666666667,1,1.4166666666666667,9.549999999999999,5.266666666666667,341,1299,7,3.583333333333334,21.799999999999997,-0.2762865518049649,0.4492993924574709,0.11719829692812724,1
WashDw00,RB,63,2,19,14,88,4.2,0,0.25000000000000006,1.5666666666666667,3.85,154,543,1,4.2,8.116666666666665,-2.173521311029978,-0.6881481609571992,-0.273601486550464,2
WashLe00,RB,131,14,236,168,1286,6.159999999999999,4,1.1800000000000002,9.080000000000002,4.22,487,2271,16,3.72,16.869999999999997,1.1590719961441156,-0.6740749774852414,0.7331071439317616,3
WellCh00,RB,51,23,41,28,293,13.975,0,0.5,5.325,11.375,625,2471,24,3.7249999999999996,46.05,0.3562229973372728,2.3466626231066448,-3.086359725576455,1
WellJo00,RB,60,18,59,44,323,7.275,2,0.75,5.275,4.95,374,1167,10,3.175,18.650000000000002,-0.9025898474516936,-0.050882178923570505,-0.3556210371914632,1
WestBr00,RB,121,90,599,442,3940,8.88888888888889,30,3.6666666666666674,32.577777777777776,6.466666666666666,1385,6335,41,4.533333333333333,51.46666666666667,9.173124416568362,0.7046941048740079,3.670907816484308,0
WestTe00,RB,49,23,72,55,365,6.959999999999999,2,0.9,6.0200000000000005,4.86,511,1996,11,3.8,36.6,-0.356220153166694,-0.08005548662279326,-0.7670621519907715,1
WhitJa02,RB,95,13,511,381,3278,8.1125,25,3.7624999999999997,31.25,6.2749999999999995,319,1278,11,3.8375,13.087500000000002,5.273945670629235,2.167262691139288,5.25456672686963,0
WhitJo01,RB,23,0,4,1,-3,-1.0,0,0.03333333333333333,-0.09999999999999999,-0.26666666666666666,20,72,0,2.5,2.7000000000000006,-3.5338736717027617,-2.6833490682796013,1.1984864615026527,2
WhitLe01,RB,58,18,66,42,204,4.475,0,0.7250000000000001,3.4499999999999997,2.7750000000000004,628,2349,24,3.775,38.4,-0.6225838964302277,-1.4111456951673143,-0.8940613743161149,1
WhytKe00,RB,6,0,1,1,9,9.0,0,0.2,1.5,9.0,24,122,0,5.1,20.3,-2.039004852287739,1.890599338154025,-1.7216694442056086,1
WileMi00,RB,42,1,74,43,315,7.466666666666666,2,1.0666666666666667,7.466666666666666,4.233333333333333,80,503,1,6.2,11.566666666666668,-1.1162394112273168,0.8973793389255277,-0.329858531167582,1
WilkJo01,RB,49,4,44,35,233,5.05,0,0.575,3.85,3.875,195,951,4,3.825,15.85,-1.7242539934280672,-0.4429862583408136,-0.19858603299640498,1
WillAn00,RB,41,7,42,19,137,3.55,0,0.30000000000000004,2.125,1.45,332,1090,8,3.45,37.824999999999996,-1.803616444551933,-1.5457245042121306,-0.30580372811504747,2
WillCa02,RB,81,58,207,148,1002,6.357142857142856,4,1.6428571428571428,10.799999999999999,4.614285714285714,1055,4038,21,3.8142857142857136,49.05714285714286,2.1538121185614103,-0.7802546443556849,-0.4730297231913907,3
WillDa011,RB,6,0,0,0,0,0.0,0,0.0,0.0,0.0,8,36,0,4.5,6.0,-3.3341134824622563,-2.055711291698492,0.5557674784490483,2
WillDe02,RB,142,96,319,236,2106,8.818181818181817,9,1.6454545454545455,14.345454545454544,6.5181818181818185,1730,8096,61,4.481818181818182,55.45454545454547,5.940375016441347,-1.2444567865320975,-1.3463374728957636,0
WillDe07,RB,7,0,0,0,0,0.0,0,0.0,0.0,0.0,7,19,0,3.1,2.75,-3.5278773531624816,-2.268079338224743,0.9328519192014947,2
WillEd00,RB,9,0,2,2,34,17.0,0,0.25,4.25,17.0,4,4,0,1.0,0.5,-1.7974192144891157,4.722964905210379,-2.1344351386982625,1
WillJa05,RB,4,0,1,0,0,0.0,0,0.0,0.0,0.0,6,6,0,1.0,1.5,-3.8013811848196273,-2.565421717076786,1.4482633299928998,2
WillJa06,RB,67,27,173,138,1060,7.720000000000001,8,2.12,15.719999999999999,6.119999999999999,571,2297,12,4.06,35.48,1.6429736292018369,0.9351881919314327,0.5467844717233094,3
WillJa10,RB,7,0,22,20,122,6.1,1,2.9,17.4,5.5,69,320,1,4.6,45.7,-0.7340706624881196,1.832226021651129,0.06533262674617484,1
WillJo07,RB,28,1,12,11,81,4.525,0,0.45,2.775,4.525,80,334,2,3.325,8.9,-2.4327620706316564,-0.296461493425685,-0.06065148621772394,2
WillKa01,RB,11,3,14,11,96,8.7,2,1.0,8.7,6.9,93,517,7,5.6,47.0,-0.9424254632990283,1.7950056086332626,-1.4502834755908047,1
WillKe05,RB,40,6,25,15,126,4.8,0,0.2333333333333333,1.8833333333333335,3.1666666666666665,218,971,4,3.6999999999999997,19.200000000000003,-2.0558825697516783,-0.8091871628694793,-0.3748386334691363,2
WillRy00,RB,5,3,10,7,44,6.3,0,1.4,8.8,4.4,58,164,0,2.8,32.8,-1.9324741389177926,0.5947877826989673,0.005516093616896963,1
WillTr06,RB,23,0,5,5,30,2.0,0,0.16666666666666666,1.0,2.0,32,170,0,2.733333333333333,7.3999999999999995,-3.068044136681973,-1.4976748130706279,0.5672793091833127,2
WilsDa01,RB,21,6,15,6,42,6.25,1,0.35,1.85,2.55,115,504,5,4.15,25.799999999999997,-2.086479861001723,-0.40068677717364987,-0.5061148590074539,2
WilsQu00,RB,4,0,0,0,0,0.0,0,0.0,0.0,0.0,2,2,0,0.5,0.35,-3.8764987075885657,-2.6381083671955645,1.582720773254828,2
WolfGa00,RB,50,0,16,11,129,4.75,0,0.25,2.625,3.25,72,282,1,3.7,6.825,-2.3883606799910293,-0.627901271089715,-0.009683629944431423,2
WrigDw01,RB,15,0,3,3,17,5.7,0,0.2,1.1,5.7,29,94,0,3.2,6.3,-2.705298333008694,0.1685284984117772,-0.3389864787608303,2
WynnDe00,RB,26,4,24,14,122,5.5200000000000005,0,0.48,4.24,3.5799999999999996,64,332,5,4.22,11.16,-2.149514689863788,-0.16740735965825804,-0.24280115512609304,2
YeldT.00,RB,60,30,252,185,1448,10.316666666666666,7,2.616666666666667,21.55,6.033333333333334,492,2005,6,4.6,30.233333333333334,2.2884550082973254,1.919427326977612,0.9348387177896665,3
